Source;Target;Type;Label;typeLien;Wheigt
3;877;;heres;LienFamille;1
3;877;;filius;LienFamille;1
4;1031;;heres;LienFamille;1
4;1031;;filius;LienFamille;1
4;5;;frater;LienFamille;1
4;1201;;filius;LienFamille;1
4;5;;frater;LienFamille;1
5;1031;;filius;LienFamille;1
5;1201;;filius;LienFamille;1
5;1031;;filius;LienFamille;1
5;4;;frater;LienFamille;1
5;1031;;heres;LienFamille;1
6;1019;;filia;LienFamille;1
6;1019;;heres;LienFamille;1
6;7;;soror;LienFamille;1
6;853;;relicta;LienFamille;1
7;1019;;filia;LienFamille;1
7;1019;;heres;LienFamille;1
7;79;;uxor;LienFamille;1
8;717;;uxor;LienFamille;1
10;1016;;heres;LienFamille;1
10;1016;;filius;LienFamille;1
11;279;;frater;LienFamille;1
11;1075;;filius;LienFamille;1
11;1075;;heres;LienFamille;1
12;902;;relicta;LienFamille;1
12;970;;filia;LienFamille;1
15;938;;filia;LienFamille;1
15;938;;heres;LienFamille;1
15;827;;uxor;LienFamille;1
16;1048;;filius;LienFamille;1
16;1048;;heres;LienFamille;1
17;692;;uxor;LienFamille;1
20;985;;relicta;LienFamille;1
20;811;;uxor;LienFamille;1
21;985;;filius;LienFamille;1
21;20;;filius;LienFamille;1
22;891;;heres;LienFamille;1
22;982;;uxor;LienFamille;1
22;891;;filia;LienFamille;1
24;927;;heres;LienFamille;1
25;499;;uxor;LienFamille;1
26;1024;;heres;LienFamille;1
26;348;;uxor;LienFamille;1
26;991;;heres;LienFamille;1
26;991;;filia;LienFamille;1
26;348;;uxor;LienFamille;1
26;1024;;relicta;LienFamille;1
28;1023;;filius;LienFamille;1
28;30;;frater;LienFamille;1
28;29;;frater;LienFamille;1
29;1023;;filius;LienFamille;1
29;30;;frater;LienFamille;1
30;1023;;heres;LienFamille;1
30;1023;;filius;LienFamille;1
31;765;;conjuges;LienFamille;1
31;923;;filia;LienFamille;1
31;923;;heres;LienFamille;1
32;420;;heres;LienFamille;1
32;1070;;filia;LienFamille;1
32;1070;;heres;LienFamille;1
32;875;;uxor;LienFamille;1
32;420;;filia;LienFamille;1
35;828;;relicta;LienFamille;1
35;1003;;filia;LienFamille;1
35;1003;;heres;LienFamille;1
35;723;;uxor;LienFamille;1
36;903;;uxor;LienFamille;1
36;1016;;heres;LienFamille;1
36;1016;;filia;LienFamille;1
36;841;;relicta;LienFamille;1
39;806;;relicta;LienFamille;1
40;737;;familiaris;LienProfessionel;1
42;829;;uxor;LienFamille;1
42;833;;relicta;LienFamille;1
44;45;;frater;LienFamille;1
44;1013;;heres;LienFamille;1
44;1013;;filius;LienFamille;1
45;1013;;filius;LienFamille;1
45;1013;;heres;LienFamille;1
46;1080;;serviens armorum;LienProfessionel;1
46;1080;;serviens armor;LienProfessionel;1
48;1055;;heres;LienFamille;1
48;1055;;consanguineus;LienFamille;1
49;1055;;heres;LienFamille;1
51;62;;mater;LienFamille;1
51;63;;mater;LienFamille;1
51;62;;relicta;LienFamille;1
52;1032;;heres;LienFamille;1
52;1080;;serviens armorum;LienProfessionel;1
52;1032;;filius;LienFamille;1
54;880;;uxor;LienFamille;1
58;754;;relicta;LienFamille;1
59;60;;frater;LienFamille;1
59;955;;filius;LienFamille;1
59;955;;heres;LienFamille;1
59;955;;filius;LienFamille;1
60;955;;heres;LienFamille;1
60;955;;filius;LienFamille;1
60;955;;filius;LienFamille;1
60;955;;heres;LienFamille;1
62;1026;;filius;LienFamille;1
62;1026;;heres;LienFamille;1
63;62;;frater;LienFamille;1
63;1026;;heres;LienFamille;1
63;1026;;filius;LienFamille;1
65;1054;;heres;LienFamille;1
65;1054;;filius;LienFamille;1
70;849;;filia;LienFamille;1
70;697;;uxor;LienFamille;1
72;1080;;serviens armorum;LienProfessionel;1
75;1049;;scutifer;LienProfessionel;1
75;1049;;familiaris;LienProfessionel;1
75;1049;;scutifer;LienProfessionel;1
77;897;;filia;LienFamille;1
78;1038;;filius;LienFamille;1
78;1038;;heres;LienFamille;1
79;1062;;filius;LienFamille;1
79;1062;;heres;LienFamille;1
81;1080;;hostiar porte ferree palaci;LienProfessionel;1
82;1080;;palefrenarius;LienProfessionel;1
83;784;;heres;LienFamille;1
84;113;;scutifer;LienProfessionel;1
84;113;;familiaris;LienProfessionel;1
85;774;;frater;LienFamille;1
86;219;;nepos;LienFamille;1
86;1014;;filius;LienFamille;1
86;1050;;filius;LienFamille;1
86;1050;;heres;LienFamille;1
87;1010;;heres;LienFamille;1
89;1072;;socius;LienProfessionel;1
90;113;;porteri;LienProfessionel;1
91;1045;;filia;LienFamille;1
91;948;;uxor;LienFamille;1
91;1045;;heres;LienFamille;1
92;836;;uxor;LienFamille;1
92;1010;;filia;LienFamille;1
93;831;;filia;LienFamille;1
93;780;;relicta;LienFamille;1
93;864;;relicta;LienFamille;1
95;94;;conjuges;LienFamille;1
95;932;;filia;LienFamille;1
96;59;;uxor;LienFamille;1
96;854;;filia;LienFamille;1
97;878;;mater;LienFamille;1
97;714;;relicta;LienFamille;1
97;714;;uxor;LienFamille;1
98;808;;heres;LienFamille;1
99;470;;filia;LienFamille;1
99;470;;heres;LienFamille;1
100;750;;scutifer;LienProfessionel;1
100;750;;familiaris;LienProfessionel;1
101;757;;heres;LienFamille;1
102;987;;filia;LienFamille;1
102;867;;uxor;LienFamille;1
102;987;;heres;LienFamille;1
105;1290;;heres;LienFamille;1
105;1290;;filius;LienFamille;1
105;1290;;filius;LienFamille;1
106;861;;uxor;LienFamille;1
107;113;;sororius sive cognatus;LienFamille;1
107;1080;;scutifer;LienProfessionel;1
108;706;;heres;LienFamille;1
110;1017;;heres;LienFamille;1
111;113;;camerari;LienProfessionel;1
112;1065;;heres;LienFamille;1
112;1063;;filius;LienFamille;1
112;1065;;filius;LienFamille;1
112;1063;;heres;LienFamille;1
114;915;;uxor;LienFamille;1
115;896;;filius;LienFamille;1
115;896;;heres;LienFamille;1
116;1057;;filia;LienFamille;1
116;731;;uxor;LienFamille;1
116;1057;;heres;LienFamille;1
117;921;;heres;LienFamille;1
118;113;;frater;LienFamille;1
119;787;;uxor;LienFamille;1
119;1069;;filia;LienFamille;1
119;1069;;heres;LienFamille;1
119;787;;uxor;LienFamille;1
119;1069;;heres;LienFamille;1
119;1069;;filia;LienFamille;1
120;712;;filia;LienFamille;1
120;722;;uxor;LienFamille;1
122;1059;;heres;LienFamille;1
122;1059;;frater;LienFamille;1
122;1074;;frater;LienFamille;1
123;1059;;heres;LienFamille;1
124;125;;frater;LienFamille;1
124;1060;;heres;LienFamille;1
124;126;;frater;LienFamille;1
124;1060;;filius;LienFamille;1
125;1060;;filius;LienFamille;1
125;1060;;heres;LienFamille;1
126;1060;;heres;LienFamille;1
126;125;;frater;LienFamille;1
126;1060;;filius;LienFamille;1
127;57;;uxor;LienFamille;1
127;1074;;heres;LienFamille;1
127;1074;;filia;LienFamille;1
128;1053;;heres;LienFamille;1
129;1020;;heres;LienFamille;1
130;958;;heres;LienFamille;1
131;957;;filius;LienFamille;1
131;1080;;capellanus commensalis;LienProfessionel;1
132;914;;heres;LienFamille;1
133;847;;heres;LienFamille;1
135;797;;heres;LienFamille;1
137;886;;heres;LienFamille;1
138;962;;uxor;LienFamille;1
138;882;;heres;LienFamille;1
138;882;;filia;LienFamille;1
140;1071;;heres;LienFamille;1
141;763;;nepos;LienFamille;1
144;799;;relicta;LienFamille;1
145;1080;;procurator fiscalis;LienProfessionel;1
148;1079;;heres;LienFamille;1
149;973;;relicta;LienFamille;1
149;973;;relicta;LienFamille;1
150;873;;relicta;LienFamille;1
150;812;;uxor;LienFamille;1
151;403;;familiaris;LienProfessionel;1
153;890;;heres;LienFamille;1
153;890;;filius;LienFamille;1
153;1072;;familiaris;LienProfessionel;1
153;1072;;scutifer;LienProfessionel;1
154;693;;mater;LienFamille;1
154;1076;;relicta;LienFamille;1
155;756;;relicta;LienFamille;1
156;741;;heres;LienFamille;1
158;781;;relicta;LienFamille;1
158;157;;conjuges;LienFamille;1
159;1080;;hostiarius;LienProfessionel;1
161;968;;filius;LienFamille;1
161;968;;heres;LienFamille;1
162;1290;;heres;LienFamille;1
163;685;;heres;LienFamille;1
164;752;;uxor;LienFamille;1
165;998;;heres;LienFamille;1
165;998;;filius;LienFamille;1
165;1046;;filius;LienFamille;1
166;167;;frater;LienFamille;1
166;1028;;filius;LienFamille;1
166;1028;;heres;LienFamille;1
167;1028;;heres;LienFamille;1
167;1028;;filius;LienFamille;1
168;1037;;filia;LienFamille;1
168;417;;uxor;LienFamille;1
168;1037;;heres;LienFamille;1
171;954;;relicta;LienFamille;1
171;954;;relicta;LienFamille;1
172;317;;uxor;LienFamille;1
172;874;;heres;LienFamille;1
172;845;;relicta;LienFamille;1
172;874;;filia;LienFamille;1
173;664;;uxor;LienFamille;1
173;596;;filia;LienFamille;1
174;969;;heres;LienFamille;1
174;969;;filius;LienFamille;1
175;755;;heres;LienFamille;1
176;615;;heres;LienFamille;1
177;178;;frater;LienFamille;1
177;1061;;heres;LienFamille;1
177;1061;;filius;LienFamille;1
178;179;;frater;LienFamille;1
178;1061;;heres;LienFamille;1
178;1061;;filius;LienFamille;1
179;1061;;filius;LienFamille;1
179;177;;frater;LienFamille;1
179;1061;;heres;LienFamille;1
180;1064;;heres;LienFamille;1
180;181;;frater;LienFamille;1
180;182;;frater;LienFamille;1
180;1064;;filius;LienFamille;1
181;182;;frater;LienFamille;1
181;1064;;filius;LienFamille;1
181;1064;;heres;LienFamille;1
182;1064;;filius;LienFamille;1
182;1064;;heres;LienFamille;1
183;736;;filia;LienFamille;1
184;893;;filia;LienFamille;1
184;947;;uxor;LienFamille;1
186;949;;filius;LienFamille;1
186;949;;heres;LienFamille;1
187;1042;;filius;LienFamille;1
188;187;;frater;LienFamille;1
188;1042;;heres;LienFamille;1
189;936;;filia;LienFamille;1
189;866;;relicta;LienFamille;1
189;936;;heres;LienFamille;1
190;832;;familiaris;LienProfessionel;1
192;701;;heres;LienFamille;1
194;1039;;heres;LienFamille;1
194;1039;;nepos;LienFamille;1
199;724;;heres;LienFamille;1
201;202;;frater;LienFamille;1
201;1080;;apothecarius;LienProfessionel;1
201;1052;;filius;LienFamille;1
201;1080;;hostiarius;LienProfessionel;1
201;1052;;heres;LienFamille;1
202;1052;;heres;LienFamille;1
202;1052;;filius;LienFamille;1
203;805;;heres;LienFamille;1
204;1051;;heres;LienFamille;1
206;206;;nepos;LienFamille;1
207;1034;;heres;LienFamille;1
208;966;;relicta;LienFamille;1
211;941;;heres;LienFamille;1
211;941;;filius;LienFamille;1
212;213;;conjuges;LienFamille;1
214;215;;frater;LienFamille;1
214;1047;;heres;LienFamille;1
214;1047;;filius;LienFamille;1
215;1047;;heres;LienFamille;1
215;1047;;filius;LienFamille;1
217;884;;heres;LienFamille;1
218;1059;;filia;LienFamille;1
218;1059;;heres;LienFamille;1
219;1008;;uxor;LienFamille;1
219;1069;;relicta;LienFamille;1
219;119;;mater;LienFamille;1
219;858;;relicta;LienFamille;1
219;1008;;uxor;LienFamille;1
220;1030;;heres;LienFamille;1
226;1078;;heres;LienFamille;1
227;1006;;heres;LienFamille;1
228;691;;heres;LienFamille;1
232;2654;;filia;LienFamille;1
232;809;;relicta;LienFamille;1
233;997;;heres;LienFamille;1
233;997;;filius;LienFamille;1
235;1056;;heres;LienFamille;1
236;237;;soror;LienFamille;1
237;963;;filia;LienFamille;1
237;963;;heres;LienFamille;1
237;964;;relicta;LienFamille;1
238;426;;filius;LienFamille;1
241;2843;;serviens armorum;LienProfessionel;1
243;1037;;filia;LienFamille;1
243;986;;uxor;LienFamille;1
243;1037;;heres;LienFamille;1
244;800;;heres;LienFamille;1
249;1072;;conjuges;LienFamille;1
249;250;;uxor;LienFamille;1
250;1080;;palefrenarius;LienProfessionel;1
250;249;;conjuges;LienFamille;1
251;885;;filius;LienFamille;1
251;885;;heres;LienFamille;1
254;972;;uxor;LienFamille;1
254;1068;;filia;LienFamille;1
254;1068;;filia;LienFamille;1
254;1068;;heres;LienFamille;1
254;1068;;heres;LienFamille;1
254;521;;filia;LienFamille;1
254;1068;;filia;LienFamille;1
254;1068;;heres;LienFamille;1
256;1002;;heres;LienFamille;1
256;1002;;filius;LienFamille;1
261;2843;;serviens armorum;LienProfessionel;1
266;920;;filia;LienFamille;1
268;269;;filia;LienFamille;1
268;988;;uxor;LienFamille;1
273;2843;;serviens armorum;LienProfessionel;1
276;984;;heres;LienFamille;1
276;984;;filius;LienFamille;1
277;278;;filia;LienFamille;1
277;939;;uxor;LienFamille;1
279;1075;;filius;LienFamille;1
279;1075;;heres;LienFamille;1
280;279;;soror;LienFamille;1
280;11;;soror;LienFamille;1
280;1075;;heres;LienFamille;1
280;1075;;filia;LienFamille;1
282;1040;;filia;LienFamille;1
282;2646;;tutrix;LienFamille;1
282;2645;;tutrix;LienFamille;1
282;2644;;tutrix;LienFamille;1
282;2643;;tutrix;LienFamille;1
282;2647;;tutrix;LienFamille;1
282;976;;relicta;LienFamille;1
282;1040;;heres;LienFamille;1
283;1012;;heres;LienFamille;1
283;1012;;filius;LienFamille;1
284;283;;frater;LienFamille;1
284;1012;;filius;LienFamille;1
284;1012;;heres;LienFamille;1
285;284;;heres;LienFamille;1
285;284;;filius;LienFamille;1
286;287;;frater;LienFamille;1
288;289;;conjuges;LienFamille;1
296;794;;heres;LienFamille;1
300;700;;heres;LienFamille;1
307;801;;heres;LienFamille;1
308;720;;heres;LienFamille;1
309;703;;heres;LienFamille;1
310;870;;heres;LienFamille;1
311;769;;heres;LienFamille;1
312;313;;conjuges;LienFamille;1
316;1057;;heres;LienFamille;1
318;14;;uxor;LienFamille;1
322;1009;;heres;LienFamille;1
322;887;;uxor;LienFamille;1
322;1009;;filia;LienFamille;1
326;767;;heres;LienFamille;1
327;804;;heres;LienFamille;1
328;899;;heres;LienFamille;1
329;826;;heres;LienFamille;1
330;1033;;heres;LienFamille;1
330;1033;;filius;LienFamille;1
330;331;;frater;LienFamille;1
331;1033;;heres;LienFamille;1
331;1033;;filius;LienFamille;1
332;190;;heres;LienFamille;1
332;190;;filius;LienFamille;1
333;190;;filius;LienFamille;1
333;190;;heres;LienFamille;1
333;782;;uxor;LienFamille;1
335;931;;frater;LienFamille;1
336;951;;filius;LienFamille;1
336;951;;heres;LienFamille;1
337;931;;heres;LienFamille;1
339;403;;familiaris;LienProfessionel;1
340;770;;heres;LienFamille;1
346;971;;filius;LienFamille;1
346;971;;heres;LienFamille;1
347;1058;;filia;LienFamille;1
347;922;;uxor;LienFamille;1
347;1058;;heres;LienFamille;1
348;568;;tutor;LienFamille;1
348;568;;tutor;LienFamille;1
349;904;;uxor;LienFamille;1
349;1007;;felezez;LienFamille;1
349;1066;;heres;LienFamille;1
349;1066;;filia;LienFamille;1
350;136;;heres;LienFamille;1
351;693;;heres;LienFamille;1
352;1076;;heres;LienFamille;1
353;1001;;uxor;LienFamille;1
353;470;;relicta;LienFamille;1
353;1015;;filia;LienFamille;1
353;1015;;heres;LienFamille;1
354;833;;filius;LienFamille;1
355;1025;;heres;LienFamille;1
355;1025;;filius;LienFamille;1
356;341;;uxor;LienFamille;1
357;930;;heres;LienFamille;1
357;930;;filia;LienFamille;1
358;976;;heres;LienFamille;1
359;1035;;heres;LienFamille;1
359;145;;uxor;LienFamille;1
359;1035;;filia;LienFamille;1
360;888;;relicta;LienFamille;1
360;888;;uxor;LienFamille;1
362;933;;heres;LienFamille;1
362;933;;filius;LienFamille;1
366;696;;heres;LienFamille;1
370;760;;uxor;LienFamille;1
372;772;;relicta;LienFamille;1
374;822;;uxor;LienFamille;1
378;113;;palefrenarius;LienProfessionel;1
382;193;;porterius;LienProfessionel;1
382;1080;;custos caniculorum;LienProfessionel;1
382;383;;conjuges;LienFamille;1
385;943;;heres;LienFamille;1
387;402;;uxor;LienFamille;1
387;402;;conjuges;LienFamille;1
387;819;;relicta;LienFamille;1
389;304;;uxor;LienFamille;1
389;840;;filia;LienFamille;1
391;1039;;frater;LienFamille;1
394;395;;pater;LienFamille;1
395;394;;filius;LienFamille;1
396;1080;;scriptor;LienProfessionel;1
397;1018;;filius;LienFamille;1
397;1018;;heres;LienFamille;1
398;1018;;heres;LienFamille;1
398;1018;;filius;LienFamille;1
400;855;;relicta;LienFamille;1
401;1021;;relicta;LienFamille;1
402;387;;conjuges;LienFamille;1
404;1198;;uxor;LienFamille;1
405;1023;;uxor;LienFamille;1
405;28;;gubernatrix;LienFamille;1
405;29;;gubernatrix;LienFamille;1
405;30;;gubernatrix;LienFamille;1
405;28;;mater;LienFamille;1
405;29;;mater;LienFamille;1
405;30;;mater;LienFamille;1
405;28;;tutor;LienFamille;1
405;29;;tutor;LienFamille;1
405;30;;tutor;LienFamille;1
406;1231;;tutor;LienFamille;1
406;1231;;tutor;LienFamille;1
406;1220;;uxor;LienFamille;1
412;2;;uxor;LienFamille;1
418;1252;;filius;LienFamille;1
420;32;;pater;LienFamille;1
421;463;;uxor;LienFamille;1
423;1283;;uxor;LienFamille;1
424;2392;;uxor;LienFamille;1
429;1269;;uxor;LienFamille;1
430;1204;;filius;LienFamille;1
433;1041;;heres;LienFamille;1
433;1041;;filius;LienFamille;1
433;996;;soror;LienFamille;1
433;446;;uxor;LienFamille;1
434;457;;uxor;LienFamille;1
436;1256;;pater;LienFamille;1
436;1275;;uxor;LienFamille;1
436;1280;;pater;LienFamille;1
439;1270;;filia;LienFamille;1
440;1029;;uxor;LienFamille;1
441;1224;;uxor;LienFamille;1
441;1224;;uxor;LienFamille;1
448;1177;;uxor;LienFamille;1
451;105;;uxor;LienFamille;1
451;425;;filia;LienFamille;1
451;105;;uxor;LienFamille;1
454;1080;;familiaris;LienProfessionel;1
458;1115;;filius;LienFamille;1
462;529;;mater;LienFamille;1
462;529;;tutor;LienFamille;1
462;529;;mater;LienFamille;1
467;1173;;uxor;LienFamille;1
467;1173;;relicta;LienFamille;1
472;574;;uxor;LienFamille;1
475;1160;;uxor;LienFamille;1
476;1222;;uxor;LienFamille;1
477;1163;;heres;LienFamille;1
477;586;;tutor;LienFamille;1
477;1163;;uxor;LienFamille;1
478;1140;;filia;LienFamille;1
479;81;;conjuges;LienFamille;1
479;81;;uxor;LienFamille;1
480;104;;uxor;LienFamille;1
492;993;;filius;LienFamille;1
492;993;;heres;LienFamille;1
500;957;;heres;LienFamille;1
500;131;;frater;LienFamille;1
506;1271;;filius;LienFamille;1
508;1111;;filia;LienFamille;1
510;1182;;filia;LienFamille;1
513;1221;;uxor;LienFamille;1
513;1221;;uxor;LienFamille;1
514;1266;;uxor;LienFamille;1
515;1155;;uxor;LienFamille;1
517;1278;;relicta;LienFamille;1
518;426;;uxor;LienFamille;1
519;1153;;uxor;LienFamille;1
520;490;;uxor;LienFamille;1
521;254;;tutor;LienFamille;1
521;254;;tutor;LienFamille;1
521;1068;;uxor;LienFamille;1
523;1143;;uxor;LienFamille;1
524;1282;;filia;LienFamille;1
524;1156;;relicta;LienFamille;1
525;1279;;uxor;LienFamille;1
526;1268;;frater;LienFamille;1
527;576;;tutor;LienFamille;1
553;582;;tutor;LienFamille;1
557;403;;capelanus;LienProfessionel;1
558;534;;relicta;LienFamille;1
561;571;;uxor;LienFamille;1
563;1118;;uxor;LienFamille;1
564;1284;;heres;LienFamille;1
564;1284;;filia;LienFamille;1
568;1024;;filia;LienFamille;1
568;2840;;uxor;LienFamille;1
568;1024;;heres;LienFamille;1
570;1290;;uxor;LienFamille;1
570;581;;tutor;LienFamille;1
570;580;;tutor;LienFamille;1
570;579;;tutor;LienFamille;1
572;554;;filiastre;LienFamille;1
576;1127;;heres;LienFamille;1
576;1127;;filius;LienFamille;1
577;664;;uxor;LienFamille;1
579;1290;;heres;LienFamille;1
579;570;;filius;LienFamille;1
579;1290;;filius;LienFamille;1
580;1290;;filius;LienFamille;1
580;1290;;heres;LienFamille;1
580;570;;filius;LienFamille;1
581;570;;filius;LienFamille;1
581;1290;;heres;LienFamille;1
581;1290;;filius;LienFamille;1
582;1176;;filia;LienFamille;1
583;2730;;filia;LienFamille;1
583;555;;uxor;LienFamille;1
586;477;;filius;LienFamille;1
586;1163;;filius;LienFamille;1
587;616;;frater;LienFamille;1
597;1303;;uxor;LienFamille;1
610;1365;;relicta;LienFamille;1
616;587;;frater;LienFamille;1
618;1368;;uxor;LienFamille;1
622;1323;;filius;LienFamille;1
622;623;;frater;LienFamille;1
623;1323;;filius;LienFamille;1
624;543;;filius;LienFamille;1
627;628;;frater;LienFamille;1
635;1080;;scriptor penitenciers;LienProfessionel;1
637;472;;uxor;LienFamille;1
637;1380;;uxor;LienFamille;1
647;1383;;marit us filia;LienFamille;1
652;1388;;relicta;LienFamille;1
657;646;;filius;LienFamille;1
666;1384;;relicta;LienFamille;1
667;1080;;hostiarius prime porte palaci;LienProfessionel;1
670;1385;;uxor;LienFamille;1
684;913;;heres;LienFamille;1
684;913;;filius;LienFamille;1
686;834;;relicta;LienFamille;1
686;889;;uxor;LienFamille;1
687;911;;heres;LienFamille;1
689;707;;conjuges;LienFamille;1
690;1053;;relicta;LienFamille;1
691;974;;uxor;LienFamille;1
691;974;;relicta;LienFamille;1
693;1076;;heres;LienFamille;1
693;154;;conjuges;LienFamille;1
693;154;;heres;LienFamille;1
693;1076;;filius;LienFamille;1
693;1076;;filius;LienFamille;1
693;154;;filius;LienFamille;1
694;742;;relicta;LienFamille;1
698;113;;frater;LienFamille;1
704;247;;soror;LienFamille;1
705;715;;uxor;LienFamille;1
706;109;;frater;LienFamille;1
708;850;;uxor;LienFamille;1
709;846;;conjuges;LienFamille;1
710;719;;uxor;LienFamille;1
710;194;;uxor;LienFamille;1
711;865;;relicta;LienFamille;1
713;695;;nepos;LienFamille;1
716;1080;;sciptor penitenciers;LienProfessionel;1
717;1080;;porterius;LienProfessionel;1
719;1080;;hostiarius;LienProfessionel;1
719;719;;frater;LienFamille;1
721;869;;pater;LienFamille;1
726;997;;consobrini-germani;LienFamille;1
727;341;;frater;LienFamille;1
728;818;;conjuges;LienFamille;1
733;842;;uxor;LienFamille;1
734;747;;relicta;LienFamille;1
735;939;;uxor;LienFamille;1
740;987;;relicta;LienFamille;1
743;537;;uxor;LienFamille;1
743;537;;uxor;LienFamille;1
745;860;;uxor;LienFamille;1
745;956;;uxor;LienFamille;1
748;1054;;relicta;LienFamille;1
749;1056;;relicta;LienFamille;1
749;1056;;relicta;LienFamille;1
750;1080;;thesaurius;LienProfessionel;1
751;1039;;nepos;LienFamille;1
757;1080;;serviens armorum;LienProfessionel;1
758;852;;frater;LienFamille;1
759;1080;;serviens armorum;LienProfessionel;1
768;906;;frater;LienFamille;1
771;778;;uxor;LienFamille;1
773;795;;uxor;LienFamille;1
774;1080;;scriptor;LienProfessionel;1
776;694;;heres;LienFamille;1
777;834;;heres;LienFamille;1
779;844;;frater;LienFamille;1
783;1080;;cursor;LienProfessionel;1
785;718;;frater;LienFamille;1
786;239;;filius;LienFamille;1
788;927;;consanguineus;LienFamille;1
791;730;;frater;LienFamille;1
792;116;;mater;LienFamille;1
797;739;;familiaris;LienProfessionel;1
803;1072;;magistri aule;LienProfessionel;1
813;241;;uxor;LienFamille;1
814;838;;relicta;LienFamille;1
815;699;;relicta;LienFamille;1
816;839;;relicta;LienFamille;1
817;125;;filia;LienFamille;1
820;1045;;mater;LienFamille;1
821;1005;;filia;LienFamille;1
821;88;;uxor;LienFamille;1
821;88;;uxor;LienFamille;1
821;1005;;heres;LienFamille;1
823;790;;uxor;LienFamille;1
826;975;;filia;LienFamille;1
826;955;;uxor;LienFamille;1
830;843;;frater;LienFamille;1
836;1080;;cursor;LienProfessionel;1
851;702;;heres;LienFamille;1
859;910;;nepos;LienFamille;1
861;2843;;serviens armorum;LienProfessionel;1
868;738;;familiaris;LienProfessionel;1
872;732;;uxor;LienFamille;1
878;1080;;scriptor;LienProfessionel;1
879;1072;;scutifer;LienProfessionel;1
879;1072;;familiaris;LienFamille;1
879;1072;;scutifer;LienProfessionel;1
880;52;;filius;LienFamille;1
881;1043;;conjuges;LienFamille;1
883;908;;heres;LienFamille;1
883;908;;filia;LienFamille;1
884;953;;nepos;LienFamille;1
886;739;;frater;LienFamille;1
889;895;;conjuges;LienFamille;1
890;1080;;serviens armorum;LienProfessionel;1
890;1072;;familiaris;LienProfessionel;1
892;970;;filia;LienFamille;1
892;902;;relicta;LienFamille;1
895;848;;relicta;LienFamille;1
898;929;;uxor;LienFamille;1
898;725;;filia;LienFamille;1
899;856;;relicta;LienFamille;1
900;789;;uxor;LienFamille;1
900;1005;;relicta;LienFamille;1
901;154;;soror;LienFamille;1
901;304;;uxor;LienFamille;1
904;1080;;hostiarius;LienProfessionel;1
904;1080;;scutifer;LienProfessionel;1
904;1080;;serviens armorum;LienProfessionel;1
906;1051;;mater;LienFamille;1
910;1080;;scriptor et corrector litteram;LienProfessionel;1
912;191;;filius;LienFamille;1
914;1040;;frater;LienFamille;1
915;983;;nepos;LienFamille;1
921;113;;filius;LienFamille;1
924;920;;relicta;LienFamille;1
924;729;;filia;LienFamille;1
925;16;;pater;LienFamille;1
926;916;;heres;LienFamille;1
926;916;;filius;LienFamille;1
930;1080;;serviens armorum;LienProfessionel;1
931;335;;frater;LienFamille;1
932;91;;conjuges;LienFamille;1
935;1029;;filia;LienFamille;1
935;1029;;heres;LienFamille;1
940;685;;heres;LienFamille;1
940;685;;filia;LienFamille;1
943;766;;uxor;LienFamille;1
944;145;;uxor;LienFamille;1
944;1035;;conjuges;LienFamille;1
944;1035;;relicta;LienFamille;1
945;959;;heres;LienFamille;1
945;959;;filia;LienFamille;1
946;977;;heres;LienFamille;1
946;977;;filius;LienFamille;1
953;824;;scriptor;LienProfessionel;1
953;1080;;scriptor et regestrator supplicationum;LienProfessionel;1
956;143;;avunculi;LienFamille;1
958;1080;;scriptor;LienProfessionel;1
961;1056;;filius;LienFamille;1
961;1056;;heres;LienFamille;1
964;963;;filius;LienFamille;1
967;1058;;frater;LienFamille;1
967;1058;;avunculi;LienFamille;1
973;216;;porteri;LienProfessionel;1
975;826;;pater;LienFamille;1
979;1080;;magistrum hostiar;LienProfessionel;1
979;825;;frater;LienFamille;1
980;122;;pater;LienFamille;1
981;794;;soror;LienFamille;1
981;1003;;conjuges;LienFamille;1
983;113;;socius caparum;LienProfessionel;1
989;807;;uxor;LienFamille;1
989;862;;filia;LienFamille;1
989;993;;relicta;LienFamille;1
990;796;;relicta;LienFamille;1
990;1008;;filia;LienFamille;1
990;746;;uxor;LienFamille;1
991;348;;uxor;LienFamille;1
992;999;;frater;LienFamille;1
992;1027;;heres;LienFamille;1
992;1027;;filius;LienFamille;1
994;857;;frater;LienFamille;1
994;1520;;filius;LienFamille;1
995;1022;;uxor;LienFamille;1
995;810;;relicta;LienFamille;1
995;1022;;uxor;LienFamille;1
995;950;;filia;LienFamille;1
995;950;;filia;LienFamille;1
996;1041;;heres;LienFamille;1
996;1041;;filius;LienFamille;1
998;1046;;conjuges;LienFamille;1
999;1027;;filius;LienFamille;1
999;1027;;heres;LienFamille;1
1000;918;;filia;LienFamille;1
1000;918;;heres;LienFamille;1
1000;753;;uxor;LienFamille;1
1002;793;;filia;LienFamille;1
1006;911;;frater;LienFamille;1
1009;887;;uxor;LienFamille;1
1010;113;;pasticerius;LienProfessionel;1
1011;942;;filia;LienFamille;1
1011;798;;uxor;LienFamille;1
1011;942;;heres;LienFamille;1
1014;1043;;heres;LienFamille;1
1014;1043;;filia;LienFamille;1
1017;907;;heres;LienFamille;1
1017;118;;uxor;LienFamille;1
1017;907;;filia;LienFamille;1
1020;1036;;filius;LienFamille;1
1020;1036;;heres;LienFamille;1
1021;1080;;serviens armorum curie marescal;LienProfessionel;1
1021;2842;;serviens armorum;LienProfessionel;1
1022;739;;familiaris;LienProfessionel;1
1025;355;;filius;LienFamille;1
1025;355;;heres;LienFamille;1
1030;220;;uxor;LienFamille;1
1030;863;;filia;LienFamille;1
1030;980;;relicta;LienFamille;1
1032;937;;heres;LienFamille;1
1032;937;;filia;LienFamille;1
1033;1080;;custos animalium silvestrium;LienProfessionel;1
1034;960;;uxor;LienFamille;1
1034;762;;relicta;LienFamille;1
1038;1080;;serviens armorum;LienProfessionel;1
1039;1080;;vice cancellarius;LienProfessionel;1
1040;282;;pater;LienFamille;1
1045;948;;uxor;LienFamille;1
1047;1080;;serviens armorum;LienProfessionel;1
1048;925;;uxor;LienFamille;1
1048;894;;filia;LienFamille;1
1048;894;;heres;LienFamille;1
1050;1014;;uxor;LienFamille;1
1050;881;;filia;LienFamille;1
1050;1043;;filia;LienFamille;1
1051;928;;heres;LienFamille;1
1051;2292;;uxor;LienFamille;1
1051;928;;filia;LienFamille;1
1051;1771;;filia;LienFamille;1
1052;1080;;serviens armorum;LienProfessionel;1
1053;1036;;heres;LienFamille;1
1053;1020;;frater;LienFamille;1
1053;1036;;filius;LienFamille;1
1055;905;;heres;LienFamille;1
1055;905;;uxor;LienFamille;1
1058;347;;pater;LienFamille;1
1062;919;;heres;LienFamille;1
1062;919;;filius;LienFamille;1
1063;112;;pater;LienFamille;1
1065;1063;;uxor;LienFamille;1
1065;929;;filia;LienFamille;1
1065;112;;mater;LienFamille;1
1066;1007;;heres;LienFamille;1
1066;1007;;filius;LienFamille;1
1068;256;;uxor;LienFamille;1
1070;420;;uxor;LienFamille;1
1071;1067;;filius;LienFamille;1
1071;1067;;heres;LienFamille;1
1074;994;;heres;LienFamille;1
1074;994;;filius;LienFamille;1
1077;978;;heres;LienFamille;1
1077;978;;filia;LienFamille;1
1079;1078;;filius;LienFamille;1
1079;1078;;heres;LienFamille;1
1085;1086;;heres;LienFamille;1
1089;1088;;heres;LienFamille;1
1091;1090;;heres;LienFamille;1
1095;1080;;scriptor;LienProfessionel;1
1101;759;;familiaris;LienProfessionel;1
1104;1103;;heres;LienFamille;1
1105;1080;;hostiarius;LienProfessionel;1
1105;1080;;scutifer;LienProfessionel;1
1106;1080;;abreviator;LienProfessionel;1
1116;1080;;serviens armorum;LienProfessionel;1
1120;1122;;filius;LienFamille;1
1121;1080;;palefrenarius;LienProfessionel;1
1122;200;;uxor;LienFamille;1
1123;1625;;frater;LienFamille;1
1126;1080;;cursor;LienProfessionel;1
1128;1080;;maserius;LienProfessionel;1
1129;1128;;filius;LienFamille;1
1139;1080;;barberius;LienProfessionel;1
1145;1080;;porterius prime porte palaci;LienProfessionel;1
1147;1049;;equorum;LienProfessionel;1
1149;1080;;serviens armorum;LienProfessionel;1
1167;1534;;heres;LienFamille;1
1171;2468;;uxor;LienFamille;1
1194;1080;;abreviator;LienProfessionel;1
1200;1052;;filia;LienFamille;1
1210;1265;;filia;LienFamille;1
1218;1219;;frater;LienFamille;1
1227;453;;uxor;LienFamille;1
1231;1232;;filius;LienFamille;1
1243;1122;;filius;LienFamille;1
1244;1122;;filius;LienFamille;1
1245;1122;;filius;LienFamille;1
1247;1080;;scriptor litterarum;LienProfessionel;1
1253;1202;;filia;LienFamille;1
1254;1168;;uxor;LienFamille;1
1255;450;;uxor;LienFamille;1
1257;1240;;filia;LienFamille;1
1258;1064;;uxor;LienFamille;1
1259;1261;;filius;LienFamille;1
1260;1240;;filia;LienFamille;1
1262;1181;;familiaris;LienFamille;1
1264;1263;;filia;LienFamille;1
1267;682;;filia;LienFamille;1
1272;1273;;uxor;LienFamille;1
1274;1223;;filius;LienFamille;1
1276;1251;;uxor;LienFamille;1
1277;1187;;uxor;LienFamille;1
1281;1053;;frater;LienFamille;1
1284;1170;;uxor;LienFamille;1
1285;1165;;filia;LienFamille;1
1285;533;;uxor;LienFamille;1
1286;1225;;filius;LienFamille;1
1286;1288;;frater;LienFamille;1
1286;1287;;frater;LienFamille;1
1287;1225;;filius;LienFamille;1
1288;1225;;filius;LienFamille;1
1288;1287;;frater;LienFamille;1
1289;1285;;filius;LienFamille;1
1289;533;;heres;LienFamille;1
1289;533;;filius;LienFamille;1
1291;1072;;nepos;LienFamille;1
1363;1305;;uxor;LienFamille;1
1366;1367;;conjuges;LienFamille;1
1369;1370;;uxor;LienFamille;1
1372;1319;;molher;LienFamille;1
1374;1373;;filia;LienFamille;1
1375;1325;;uxor;LienFamille;1
1377;1376;;uxor;LienFamille;1
1378;1332;;filia;LienFamille;1
1378;1335;;relicta;LienFamille;1
1378;1379;;uxor;LienFamille;1
1381;1382;;uxor;LienFamille;1
1381;1382;;nunc uxor;LienFamille;1
1381;1347;;relicta;LienFamille;1
1381;1347;;relicta;LienFamille;1
1386;1295;;filius;LienFamille;1
1387;613;;heres;LienFamille;1
1387;613;;filia;LienFamille;1
1387;1364;;uxor;LienFamille;1
1389;1080;;cursor;LienProfessionel;1
1492;1695;;uxor;LienFamille;1
1494;1634;;uxor;LienFamille;1
1495;2294;;relicta;LienFamille;1
1495;495;;uxor;LienFamille;1
1499;2288;;relicta;LienFamille;1
1500;2353;;uxor;LienFamille;1
1500;2353;;relicta;LienFamille;1
1501;2374;;uxor;LienFamille;1
1501;2375;;heres;LienFamille;1
1504;2323;;relicta;LienFamille;1
1505;1753;;uxor;LienFamille;1
1507;1603;;uxor;LienFamille;1
1511;2481;;uxor;LienFamille;1
1516;1039;;familiaris;LienFamille;1
1516;1080;;scriptor;LienProfessionel;1
1518;1564;;frater;LienFamille;1
1519;612;;heres;LienFamille;1
1519;612;;filia;LienFamille;1
1526;2356;;filius;LienFamille;1
1526;2356;;heres;LienFamille;1
1528;2354;;relicta;LienFamille;1
1529;1600;;mater;LienFamille;1
1529;2282;;relicta;LienFamille;1
1539;1628;;frater;LienFamille;1
1539;1628;;frater;LienFamille;1
1541;2371;;uxor;LienFamille;1
1542;2310;;uxor;LienFamille;1
1543;2311;;filia;LienFamille;1
1545;2479;;filius;LienFamille;1
1556;770;;filius;LienFamille;1
1557;1080;;hostiarius;LienProfessionel;1
1559;1634;;uxor;LienFamille;1
1559;2399;;relicta;LienFamille;1
1561;2060;;uxor;LienFamille;1
1561;2060;;relicta;LienFamille;1
1562;1550;;uxor;LienFamille;1
1563;585;;uxor;LienFamille;1
1565;2287;;uxor;LienFamille;1
1567;2298;;uxor;LienFamille;1
1568;1730;;uxor;LienFamille;1
1574;1573;;frater;LienFamille;1
1575;1668;;filia;LienFamille;1
1576;2291;;uxor;LienFamille;1
1580;2301;;uxor;LienFamille;1
1582;2336;;uxor;LienFamille;1
1583;2281;;relicta;LienFamille;1
1584;2408;;uxor;LienFamille;1
1587;2437;;relicta;LienFamille;1
1587;2364;;uxor;LienFamille;1
1589;1706;;uxor;LienFamille;1
1590;612;;filia;LienFamille;1
1590;2380;;uxor;LienFamille;1
1594;1766;;frater;LienFamille;1
1597;2368;;heres;LienFamille;1
1600;456;;uxor;LienFamille;1
1614;1779;;socius;LienFamille;1
1618;2386;;mater;LienFamille;1
1619;1714;;uxor;LienFamille;1
1619;2300;;nunc uxor;LienFamille;1
1620;2290;;uxor;LienFamille;1
1621;2304;;relicta;LienFamille;1
1622;1782;;uxor;LienFamille;1
1623;2467;;uxor;LienFamille;1
1627;2330;;filius;LienFamille;1
1627;2330;;heres;LienFamille;1
1633;2435;;filius;LienFamille;1
1647;2440;;heres;LienFamille;1
1648;2446;;heres;LienFamille;1
1649;1317;;heres;LienFamille;1
1650;2450;;heres;LienFamille;1
1651;2453;;heres;LienFamille;1
1652;2455;;heres;LienFamille;1
1653;2456;;heres;LienFamille;1
1654;2459;;heres;LienFamille;1
1655;2460;;heres;LienFamille;1
1656;456;;heres;LienFamille;1
1657;2422;;heres;LienFamille;1
1658;2462;;heres;LienFamille;1
1659;2415;;heres;LienFamille;1
1662;1867;;uxor;LienFamille;1
1663;272;;uxor;LienFamille;1
1664;2366;;uxor;LienFamille;1
1664;1010;;relicta;LienFamille;1
1669;1701;;uxor;LienFamille;1
1670;2378;;filia;LienFamille;1
1670;2379;;nunc uxor;LienFamille;1
1670;2378;;heres;LienFamille;1
1671;1491;;uxor;LienFamille;1
1672;1457;;uxor;LienFamille;1
1672;1457;;uxor;LienFamille;1
1672;1457;;uxor;LienFamille;1
1680;2280;;relicta;LienFamille;1
1682;1780;;uxor;LienFamille;1
1685;612;;heres;LienFamille;1
1685;612;;filia;LienFamille;1
1688;2471;;filius;LienFamille;1
1703;2332;;filius;LienFamille;1
1721;1572;;filius;LienFamille;1
1728;2319;;familiaris;LienFamille;1
1730;1080;;serviens armorum;LienProfessionel;1
1731;2184;;conjuges;LienFamille;1
1732;1605;;uxor;LienFamille;1
1733;1598;;uxor;LienFamille;1
1733;1598;;uxor;LienFamille;1
1734;1700;;uxor;LienFamille;1
1736;2482;;uxor;LienFamille;1
1737;1588;;uxor;LienFamille;1
1739;2306;;uxor;LienFamille;1
1740;2307;;uxor;LienFamille;1
1744;2466;;uxor;LienFamille;1
1749;1746;;uxor;LienFamille;1
1751;2382;;uxor;LienFamille;1
1752;2040;;uxor;LienFamille;1
1754;1722;;uxor;LienFamille;1
1755;1741;;uxor;LienFamille;1
1755;2277;;heres;LienFamille;1
1756;2432;;uxor;LienFamille;1
1757;1490;;uxor;LienFamille;1
1758;317;;uxor;LienFamille;1
1759;2361;;uxor;LienFamille;1
1760;2320;;relicta;LienFamille;1
1762;2305;;uxor;LienFamille;1
1763;2403;;uxor;LienFamille;1
1764;2391;;heres;LienFamille;1
1764;2391;;relicta;LienFamille;1
1765;1080;;ussier prime porte palaci;LienProfessionel;1
1769;2421;;relicta;LienFamille;1
1778;1571;;uxor;LienFamille;1
1783;1080;;funerius;LienProfessionel;1
1794;1080;;serviens armorum;LienProfessionel;1
1803;2412;;filius;LienFamille;1
1813;1509;;filius;LienFamille;1
1816;765;;heres;LienFamille;1
1816;765;;filius;LienFamille;1
1820;2293;;heres;LienFamille;1
1821;2472;;relicta;LienFamille;1
1822;1950;;uxor;LienFamille;1
1826;2346;;heres;LienFamille;1
1827;2180;;filius;LienFamille;1
1838;2369;;relicta;LienFamille;1
1841;76;;uxor;LienFamille;1
1844;2333;;filius;LienFamille;1
1849;833;;uxor;LienFamille;1
1849;1231;;uxor;LienFamille;1
1850;1788;;uxor;LienFamille;1
1852;1705;;uxor;LienFamille;1
1853;2326;;relicta;LienFamille;1
1854;1705;;nunc uxor;LienFamille;1
1860;2402;;relicta;LienFamille;1
1861;1729;;uxor;LienFamille;1
1865;2396;;relicta;LienFamille;1
1866;2350;;filius;LienFamille;1
1876;2098;;relicta;LienFamille;1
1879;2335;;uxor;LienFamille;1
1880;2363;;uxor;LienFamille;1
1914;2438;;heres;LienFamille;1
1915;2439;;heres;LienFamille;1
1916;2441;;heres;LienFamille;1
1917;594;;heres;LienFamille;1
1918;2442;;heres;LienFamille;1
1919;2443;;heres;LienFamille;1
1920;1466;;heres;LienFamille;1
1921;2444;;heres;LienFamille;1
1922;2445;;heres;LienFamille;1
1923;1014;;heres;LienFamille;1
1924;2447;;heres;LienFamille;1
1925;2448;;heres;LienFamille;1
1926;2449;;heres;LienFamille;1
1927;2451;;heres;LienFamille;1
1928;1909;;heres;LienFamille;1
1929;2452;;heres;LienFamille;1
1930;470;;heres;LienFamille;1
1931;2454;;heres;LienFamille;1
1932;1950;;heres;LienFamille;1
1933;507;;heres;LienFamille;1
1933;507;;heres;LienFamille;1
1934;1153;;heres;LienFamille;1
1935;2457;;heres;LienFamille;1
1936;2458;;heres;LienFamille;1
1937;2461;;heres;LienFamille;1
1939;312;;mater;LienFamille;1
1953;1080;;secretarius;LienProfessionel;1
1953;1080;;scriptor;LienProfessionel;1
1954;1080;;serviens armorum;LienProfessionel;1
1957;1894;;frater;LienFamille;1
1965;2362;;uxor;LienFamille;1
1966;1080;;serviens armorum;LienProfessionel;1
1972;810;;uxor;LienFamille;1
1984;1080;;serviens armorum;LienProfessionel;1
1987;1987;;frater;LienFamille;1
1998;956;;filius;LienFamille;1
2004;113;;coquus;LienProfessionel;1
2015;1080;;serviens armorum;LienProfessionel;1
2019;2018;;uxor;LienFamille;1
2021;495;;uxor;LienFamille;1
2028;2365;;uxor;LienFamille;1
2032;2276;;uxor;LienFamille;1
2040;1080;;serviens armorum;LienProfessionel;1
2049;1664;;pater;LienFamille;1
2055;1080;;cursor;LienProfessionel;1
2065;1851;;heres;LienFamille;1
2068;2127;;filius;LienFamille;1
2072;2090;;filius;LienFamille;1
2072;2090;;heres;LienFamille;1
2081;1063;;relicta;LienFamille;1
2084;1080;;palafrenarius;LienProfessionel;1
2092;2308;;conjuges;LienFamille;1
2097;1080;;apothecarius;LienProfessionel;1
2097;201;;socius;LienFamille;1
2099;1080;;ussier porte ferri;LienProfessionel;1
2107;2345;;heres;LienFamille;1
2107;2345;;filius;LienFamille;1
2110;2257;;uxor;LienFamille;1
2111;2201;;uxor;LienFamille;1
2112;2160;;uxor;LienFamille;1
2113;1585;;neptis;LienFamille;1
2116;2245;;uxor;LienFamille;1
2117;2069;;uxor;LienFamille;1
2118;2195;;uxor;LienFamille;1
2119;2263;;uxor;LienFamille;1
2122;2338;;uxor;LienFamille;1
2123;2198;;uxor;LienFamille;1
2123;1716;;uxor;LienFamille;1
2124;2237;;uxor;LienFamille;1
2130;1271;;uxor;LienFamille;1
2130;551;;relicta;LienFamille;1
2131;2126;;filius;LienFamille;1
2135;1907;;heres;LienFamille;1
2135;1907;;filius;LienFamille;1
2137;2340;;uxor;LienFamille;1
2138;2181;;conjuges;LienFamille;1
2140;2367;;uxor;LienFamille;1
2144;2225;;uxor;LienFamille;1
2146;2178;;conjuges;LienFamille;1
2147;1752;;soror;LienFamille;1
2147;2347;;uxor;LienFamille;1
2149;2343;;uxor;LienFamille;1
2151;2279;;uxor;LienFamille;1
2151;1842;;filia;LienFamille;1
2152;1508;;heres;LienFamille;1
2152;2341;;uxor;LienFamille;1
2163;2240;;uxor;LienFamille;1
2167;2206;;uxor;LienFamille;1
2168;2325;;uxor;LienFamille;1
2173;2233;;conjugum;LienFamille;1
2174;2161;;uxor;LienFamille;1
2176;2342;;uxor;LienFamille;1
2180;2246;;uxor;LienFamille;1
2180;2246;;uxor;LienFamille;1
2182;2162;;uxor;LienFamille;1
2183;1006;;uxor;LienFamille;1
2196;2694;;heres;LienFamille;1
2198;136;;filius;LienFamille;1
2202;2623;;uxor;LienFamille;1
2207;2337;;relicta;LienFamille;1
2208;201;;relicta;LienFamille;1
2209;2130;;filia;LienFamille;1
2210;1783;;filia;LienFamille;1
2213;2063;;uxor;LienFamille;1
2214;2238;;uxor;LienFamille;1
2216;490;;uxor;LienFamille;1
2216;490;;uxor;LienFamille;1
2217;2331;;filia;LienFamille;1
2218;1911;;conjuges;LienFamille;1
2222;2340;;filius;LienFamille;1
2223;2076;;uxor;LienFamille;1
2228;2324;;filia;LienFamille;1
2229;191;;uxor;LienFamille;1
2231;2299;;uxor;LienFamille;1
2232;2278;;uxor;LienFamille;1
2234;2221;;uxor;LienFamille;1
2234;2221;;uxor;LienFamille;1
2235;2193;;uxor;LienFamille;1
2236;1634;;filius;LienFamille;1
2249;2315;;heres;LienFamille;1
2250;2318;;heres;LienFamille;1
2250;2318;;filia;LienFamille;1
2251;831;;conjuges;LienFamille;1
2260;2355;;uxor;LienFamille;1
2264;1803;;uxor;LienFamille;1
2265;2150;;uxor;LienFamille;1
2266;2387;;uxor;LienFamille;1
2267;2312;;nunc uxor;LienFamille;1
2269;2334;;filia;LienFamille;1
2271;2272;;uxor;LienFamille;1
2273;2274;;uxor;LienFamille;1
2275;50;;filius;LienFamille;1
2283;2135;;mater;LienFamille;1
2283;2135;;herer;LienFamille;1
2283;2284;;relicta;LienFamille;1
2285;2286;;uxor;LienFamille;1
2289;2070;;uxor;LienFamille;1
2295;216;;porterius;LienProfessionel;1
2297;2296;;uxor;LienFamille;1
2309;2191;;uxor;LienFamille;1
2311;1080;;porterius prime porte palati;LienProfessionel;1
2313;2314;;uxor;LienFamille;1
2315;2316;;uxor;LienFamille;1
2315;2317;;relicta;LienFamille;1
2321;2077;;uxor;LienFamille;1
2321;2322;;relicta;LienFamille;1
2327;2063;;filius;LienFamille;1
2328;2329;;uxor;LienFamille;1
2339;1606;;filius;LienFamille;1
2348;2253;;filius;LienFamille;1
2349;1843;;uxor;LienFamille;1
2350;1080;;hostiarius;LienProfessionel;1
2351;723;;uxor;LienFamille;1
2357;2358;;uxor;LienFamille;1
2359;191;;filius;LienFamille;1
2360;1847;;filia;LienFamille;1
2370;1838;;filia;LienFamille;1
2372;2373;;heres;LienFamille;1
2372;2373;;filia;LienFamille;1
2377;2376;;uxor;LienFamille;1
2381;1590;;filia;LienFamille;1
2381;50;;uxor;LienFamille;1
2383;1566;;relicta;LienFamille;1
2383;1566;;uxor;LienFamille;1
2384;1834;;uxor;LienFamille;1
2385;2197;;uxor;LienFamille;1
2389;2388;;uxor;LienFamille;1
2390;2391;;filius;LienFamille;1
2393;1700;;nepotis;LienFamille;1
2394;2395;;uxor;LienFamille;1
2397;1677;;filius;LienFamille;1
2398;2397;;uxor;LienFamille;1
2401;2400;;uxor;LienFamille;1
2405;2404;;relicta;LienFamille;1
2407;2406;;uxor;LienFamille;1
2409;2410;;uxor;LienFamille;1
2411;1825;;nunc uxor;LienFamille;1
2416;2415;;heres;LienFamille;1
2416;2415;;filia;LienFamille;1
2417;2415;;filius;LienFamille;1
2417;2415;;heres;LienFamille;1
2418;2415;;filius;LienFamille;1
2418;2415;;heres;LienFamille;1
2420;2419;;uxor;LienFamille;1
2423;2422;;filia;LienFamille;1
2424;2425;;heres;LienFamille;1
2424;2425;;filius;LienFamille;1
2426;1830;;filius;LienFamille;1
2427;1080;;hostiarius;LienProfessionel;1
2428;2427;;nunc uxor;LienFamille;1
2430;2429;;uxor;LienFamille;1
2431;52;;relicta;LienFamille;1
2433;2434;;filia;LienFamille;1
2433;2434;;heres;LienFamille;1
2448;2619;;heres;LienFamille;1
2463;2462;;filius;LienFamille;1
2464;2462;;filius;LienFamille;1
2465;2462;;filius;LienFamille;1
2469;2470;;filius;LienFamille;1
2474;2473;;uxor;LienFamille;1
2475;2476;;uxor;LienFamille;1
2478;2477;;heres;LienFamille;1
2478;2477;;filia;LienFamille;1
2480;703;;uxor;LienFamille;1
2483;2484;;uxor;LienFamille;1
2487;2282;;heres;LienFamille;1
2489;2666;;palafrenerius;LienProfessionel;1
2490;2489;;uxor;LienFamille;1
2495;737;;capelanus;LienProfessionel;1
2495;113;;comprador;LienProfessionel;1
2496;1805;;uxor;LienFamille;1
2497;1827;;heres;LienFamille;1
2499;2498;;uxor;LienFamille;1
2500;2687;;relicta;LienFamille;1
2501;1080;;scriptor;LienProfessionel;1
2502;2691;;heres;LienFamille;1
2505;828;;heres;LienFamille;1
2509;2620;;uxor;LienFamille;1
2511;2621;;uxor;LienFamille;1
2512;2622;;uxor;LienFamille;1
2513;2624;;uxor;LienFamille;1
2516;2515;;uxor;LienFamille;1
2520;2448;;relicta;LienFamille;1
2521;2626;;uxor;LienFamille;1
2521;2625;;filia;LienFamille;1
2528;2738;;filia;LienFamille;1
2532;2627;;filia;LienFamille;1
2533;2628;;filia;LienFamille;1
2535;2629;;uxor;LienFamille;1
2535;2747;;tutrix;LienFamille;1
2535;2746;;tutrix;LienFamille;1
2535;2745;;tutrix;LienFamille;1
2537;2632;;filius;LienFamille;1
2537;2630;;heres;LienFamille;1
2539;2540;;frater;LienFamille;1
2541;2633;;filius;LienFamille;1
2542;2634;;filius;LienFamille;1
2543;2635;;uxor;LienFamille;1
2544;2636;;relicta;LienFamille;1
2544;2637;;uxor;LienFamille;1
2545;2638;;tutor;LienFamille;1
2546;2518;;flius;LienFamille;1
2546;2518;;heres;LienFamille;1
2547;2518;;flius;LienFamille;1
2547;2518;;heres;LienFamille;1
2548;2518;;heres;LienFamille;1
2548;2518;;flius;LienFamille;1
2549;2518;;heres;LienFamille;1
2549;2518;;filia;LienFamille;1
2552;2838;;heres;LienFamille;1
2558;1019;;frater;LienFamille;1
2561;976;;filia;LienFamille;1
2563;2641;;uxor;LienFamille;1
2565;473;;uxor;LienFamille;1
2568;1072;;scutifer;LienProfessionel;1
2569;2641;;filius;LienFamille;1
2569;2563;;filius;LienFamille;1
2570;2642;;filius;LienFamille;1
2572;2571;;uxor;LienFamille;1
2573;2648;;uxor;LienFamille;1
2573;2649;;filia;LienFamille;1
2575;2576;;soror;LienFamille;1
2575;750;;heres;LienFamille;1
2576;750;;heres;LienFamille;1
2580;2650;;relicta;LienFamille;1
2588;2651;;uxor;LienFamille;1
2596;2655;;relicta;LienFamille;1
2597;2656;;filia;LienFamille;1
2599;2657;;uxor;LienFamille;1
2600;2485;;uxor;LienFamille;1
2601;2658;;uxor;LienFamille;1
2602;2659;;uxor;LienFamille;1
2604;2603;;uxor;LienFamille;1
2605;2661;;relicta;LienFamille;1
2605;2662;;uxor;LienFamille;1
2618;2663;;filius;LienFamille;1
2624;1080;;corrier;LienProfessionel;1
2627;1080;;corrieu;LienProfessionel;1
2627;1080;;serviens armorum;LienProfessionel;1
2630;2631;;filius;LienFamille;1
2638;2639;;filia;LienFamille;1
2643;282;;filius;LienFamille;1
2644;282;;filius;LienFamille;1
2645;282;;filia;LienFamille;1
2646;282;;filia;LienFamille;1
2647;282;;filia;LienFamille;1
2652;897;;uxor;LienFamille;1
2653;897;;nunc uxor;LienFamille;1
2663;1080;;abreviator;LienProfessionel;1
2664;1246;;heres;LienFamille;1
2664;1246;;filius;LienFamille;1
2665;1080;;coquus;LienProfessionel;1
2673;2674;;uxor;LienFamille;1
2676;2678;;filia;LienFamille;1
2681;2682;;frater;LienFamille;1
2683;1080;;serviens armorum;LienProfessionel;1
2684;1080;;grossator;LienProfessionel;1
2686;1080;;scriptor;LienProfessionel;1
2689;2690;;filius;LienFamille;1
2691;1080;;abreviator;LienProfessionel;1
2692;339;;nepos;LienFamille;1
2693;403;;cameriarius;LienProfessionel;1
2694;2695;;uxor;LienFamille;1
2697;1080;;corrieu;LienProfessionel;1
2699;2509;;filia;LienFamille;1
2699;2279;;uxor;LienFamille;1
2700;2701;;uxor;LienFamille;1
2704;2705;;relicta;LienFamille;1
2705;2833;;scutifer;LienProfessionel;1
2707;2706;;uxor;LienFamille;1
2710;2711;;filius;LienFamille;1
2714;2715;;uxor;LienFamille;1
2716;2715;;filia;LienFamille;1
2717;2719;;heres;LienFamille;1
2718;2719;;uxor;LienFamille;1
2720;2521;;heres;LienFamille;1
2720;2721;;uxor;LienFamille;1
2722;2666;;familiaris;LienFamille;1
2723;2722;;uxor;LienFamille;1
2723;2724;;nunc uxor;LienFamille;1
2728;1080;;obreviondor;LienProfessionel;1
2729;1080;;courrier;LienProfessionel;1
2731;38;;heres;LienFamille;1
2733;2734;;uxor;LienFamille;1
2735;1080;;corrieu;LienProfessionel;1
2736;2737;;filia;LienFamille;1
2741;2742;;camerier;LienProfessionel;1
2745;2535;;filia;LienFamille;1
2745;2629;;filia;LienFamille;1
2746;2629;;filius;LienFamille;1
2746;2535;;filius;LienFamille;1
2747;2629;;filia;LienFamille;1
2747;2535;;filia;LienFamille;1
2748;2537;;uxor;LienFamille;1
2749;2750;;frater;LienFamille;1
2751;2752;;uxor;LienFamille;1
2756;495;;soror;LienFamille;1
2757;2758;;uxor;LienFamille;1
2757;495;;filia;LienFamille;1
2758;495;;filius;LienFamille;1
2758;2757;;frater;LienFamille;1
2759;1052;;heres substitue;LienFamille;1
2763;811;;filius;LienFamille;1
2766;1080;;courrier;LienProfessionel;1
2767;2766;;uxor;LienFamille;1
2772;1601;;heres;LienFamille;1
2772;1601;;filius;LienFamille;1
2777;79;;filia;LienFamille;1
2777;7;;filia;LienFamille;1
2779;2778;;filius;LienFamille;1
2782;2783;;filius;LienFamille;1
2787;2566;;filia;LienFamille;1
2787;2788;;uxor;LienFamille;1
2789;2790;;uxor;LienFamille;1
2792;2569;;heres;LienFamille;1
2792;2793;;uxor;LienFamille;1
2793;1080;;corrier;LienProfessionel;1
2794;211;;heres;LienFamille;1
2795;211;;heres;LienFamille;1
2796;211;;heres;LienFamille;1
2800;2801;;filius;LienFamille;1
2809;2808;;uxor;LienFamille;1
2813;2814;;filius;LienFamille;1
2816;2813;;uxor;LienFamille;1
2822;2595;;filius;LienFamille;1
2827;2828;;filius;LienFamille;1
2829;2595;;uxor;LienFamille;1
2829;965;;filia;LienFamille;1
2835;2103;;filia;LienFamille;1
2835;2247;;uxor;LienFamille;1
2837;199;;filia;LienFamille;1
2837;199;;heres;LienFamille;1
2838;1080;;serviens armorum;LienProfessionel;1
2839;74;;heres;LienFamille;1
2844;1080;;serviens armorum;LienProfessionel;1
2845;2847;;heres;LienFamille;1
2845;2846;;heres;LienFamille;1
2849;2848;;heres;LienFamille;1
2850;627;;heres;LienFamille;1
2852;1080;;grossator;LienProfessionel;1
2865;2866;;uxor;LienFamille;1
2873;2874;;uxor;LienFamille;1
2875;2876;;filia;LienFamille;1
2877;2878;;heres;LienFamille;1
2882;1080;;porterius;LienProfessionel;1
2883;2884;;heres;LienFamille;1
2886;2887;;uxor;LienFamille;1
2890;2891;;filia;LienFamille;1
2897;2898;;filia;LienFamille;1
2899;2958;;heres;LienFamille;1
2909;2910;;heres;LienFamille;1
2911;2912;;heres;LienFamille;1
2913;2914;;heres;LienFamille;1
2918;2919;;uxor;LienFamille;1
2939;1080;;abreviator;LienProfessionel;1
2955;2956;;genre;LienFamille;1
2959;2960;;heres;LienFamille;1
2961;2962;;heres;LienFamille;1
2964;2965;;heres;LienFamille;1
2966;1182;;heres;LienFamille;1
2967;1080;;serviens armorum;LienProfessionel;1