"idLienIndividu","idIndividu1","idIndividu2","descriptionLien","typeLien"
1,201,1052,"filius","LIFAM"
2,201,202,"frater","LIFAM"
3,201,1052,"heres","LIFAM"
4,171,954,"relicta","LIFAM"
5,164,752,"uxor","LIFAM"
6,689,707,"conjuges","LIFAM"
7,7,1019,"filia","LIFAM"
8,7,1019,"heres","LIFAM"
9,7,79,"uxor","LIFAM"
11,690,1053,"relicta","LIFAM"
12,3,877,"filius","LIFAM"
13,3,877,"heres","LIFAM"
14,150,873,"relicta","LIFAM"
15,150,812,"uxor","LIFAM"
17,405,28,"gubernatrix","LIFAM"
18,405,29,"gubernatrix","LIFAM"
19,405,30,"gubernatrix","LIFAM"
20,405,28,"mater","LIFAM"
21,405,29,"mater","LIFAM"
22,405,30,"mater","LIFAM"
23,405,28,"tutor","LIFAM"
24,405,29,"tutor","LIFAM"
25,405,30,"tutor","LIFAM"
26,114,915,"uxor","LIFAM"
27,691,974,"relicta","LIFAM"
29,165,998,"filius","LIFAM"
30,165,998,"heres","LIFAM"
31,165,1046,"filius","LIFAM"
32,154,1076,"relicta","LIFAM"
33,693,154,"filius","LIFAM"
34,693,1076,"filius","LIFAM"
35,693,154,"heres","LIFAM"
36,693,1076,"heres","LIFAM"
38,215,1047,"filius","LIFAM"
39,215,1047,"heres","LIFAM"
40,694,742,"relicta","LIFAM"
41,1047,1080,"serviens armorum","LITRA"
42,286,287,"frater","LIFAM"
43,72,1080,"serviens armorum","LITRA"
44,86,219,"nepos","LIFAM"
45,179,1061,"filius","LIFAM"
46,179,177,"frater","LIFAM"
47,179,1061,"heres","LIFAM"
48,698,113,"frater","LIFAM"
49,878,1080,"scriptor","LITRA"
50,151,403,"familiaris","LITRA"
51,238,426,"filius","LIFAM"
52,879,1072,"familiaris","LIFAM"
53,879,1072,"scutifer","LITRA"
54,880,52,"filius","LIFAM"
55,1048,894,"heres","LIFAM"
56,1048,894,"filia","LIFAM"
57,1048,925,"uxor","LIFAM"
58,704,247,"soror","LIFAM"
59,705,715,"uxor","LIFAM"
60,881,1043,"conjuges","LIFAM"
61,11,1075,"filius","LIFAM"
62,11,279,"frater","LIFAM"
63,11,1075,"heres","LIFAM"
64,167,1028,"filius","LIFAM"
65,167,1028,"heres","LIFAM"
66,708,850,"uxor","LIFAM"
67,189,936,"filia","LIFAM"
68,189,936,"heres","LIFAM"
69,189,866,"relicta","LIFAM"
70,709,846,"conjuges","LIFAM"
71,1095,1080,"scriptor","LITRA"
72,706,109,"frater","LIFAM"
73,710,719,"uxor","LIFAM"
74,249,1072,"conjuges","LIFAM"
75,249,250,"uxor","LIFAM"
76,333,190,"filius","LIFAM"
77,333,190,"heres","LIFAM"
78,333,782,"uxor","LIFAM"
79,218,1059,"filia","LIFAM"
80,218,1059,"heres","LIFAM"
81,883,908,"filia","LIFAM"
82,883,908,"heres","LIFAM"
83,711,865,"relicta","LIFAM"
84,884,953,"nepos","LIFAM"
85,713,695,"nepos","LIFAM"
86,168,1037,"filia","LIFAM"
87,168,1037,"heres","LIFAM"
88,168,417,"uxor","LIFAM"
89,347,1058,"filia","LIFAM"
90,347,1058,"heres","LIFAM"
91,347,922,"uxor","LIFAM"
92,331,1033,"filius","LIFAM"
93,331,1033,"heres","LIFAM"
94,886,739,"frater","LIFAM"
95,75,1049,"familiaris","LITRA"
96,75,1049,"scutifer","LITRA"
97,716,1080,"sciptor penitenciers","LITRA"
98,717,1080,"porterius","LITRA"
99,892,970,"filia","LIFAM"
100,892,902,"relicta","LIFAM"
101,279,1075,"filius","LIFAM"
102,279,1075,"heres","LIFAM"
103,12,970,"filia","LIFAM"
104,12,902,"relicta","LIFAM"
105,721,869,"pater","LIFAM"
106,212,213,"conjuges","LIFAM"
107,1043,1014,"uxor","LIFAM"
108,1014,1043,"heres","LIFAM"
109,394,395,"pater","LIFAM"
110,889,895,"conjuges","LIFAM"
111,890,1080,"serviens armorum","LITRA"
112,890,1072,"familiaris","LITRA"
113,1068,256,"uxor","LIFAM"
114,125,1060,"heres","LIFAM"
115,125,1060,"filius","LIFAM"
116,726,997,"consobrini-germani","LIFAM"
117,727,341,"frater","LIFAM"
118,728,818,"conjuges","LIFAM"
119,251,885,"filius","LIFAM"
120,251,885,"heres","LIFAM"
121,1074,994,"filius","LIFAM"
122,1074,994,"heres","LIFAM"
123,237,963,"filia","LIFAM"
124,237,963,"heres","LIFAM"
125,237,964,"relicta","LIFAM"
126,28,1023,"filius","LIFAM"
127,28,29,"frater","LIFAM"
128,28,30,"frater","LIFAM"
129,733,842,"uxor","LIFAM"
130,996,1041,"filius","LIFAM"
131,996,1041,"heres","LIFAM"
132,433,996,"soror","LIFAM"
133,433,446,"uxor","LIFAM"
134,734,747,"relicta","LIFAM"
135,144,799,"relicta","LIFAM"
136,989,862,"filia","LIFAM"
137,989,993,"relicta","LIFAM"
138,989,807,"uxor","LIFAM"
139,895,848,"relicta","LIFAM"
140,735,939,"uxor","LIFAM"
141,54,880,"uxor","LIFAM"
142,277,278,"filia","LIFAM"
143,277,939,"uxor","LIFAM"
144,22,891,"filia","LIFAM"
145,22,891,"heres","LIFAM"
146,22,982,"uxor","LIFAM"
147,120,712,"filia","LIFAM"
148,120,722,"uxor","LIFAM"
149,400,855,"relicta","LIFAM"
150,32,1070,"filia","LIFAM"
151,32,1070,"heres","LIFAM"
152,32,875,"uxor","LIFAM"
153,32,420,"filia","LIFAM"
154,32,420,"heres","LIFAM"
155,184,893,"filia","LIFAM"
156,184,947,"uxor","LIFAM"
157,389,840,"filia","LIFAM"
158,389,304,"uxor","LIFAM"
159,155,756,"relicta","LIFAM"
160,86,1050,"filius","LIFAM"
161,86,1014,"filius","LIFAM"
162,86,1050,"heres","LIFAM"
163,990,1008,"filia","LIFAM"
164,990,796,"relicta","LIFAM"
165,990,746,"uxor","LIFAM"
166,1017,907,"filia","LIFAM"
167,1017,907,"heres","LIFAM"
168,1017,118,"uxor","LIFAM"
169,70,849,"filia","LIFAM"
170,70,697,"uxor","LIFAM"
171,106,861,"uxor","LIFAM"
172,42,829,"uxor","LIFAM"
173,898,725,"filia","LIFAM"
174,898,929,"uxor","LIFAM"
175,93,831,"filia","LIFAM"
176,93,864,"relicta","LIFAM"
177,93,780,"relicta","LIFAM"
178,740,987,"relicta","LIFAM"
179,899,856,"relicta","LIFAM"
180,743,537,"uxor","LIFAM"
181,219,1008,"nunc uxor","LIFAM"
182,219,858,"relicta","LIFAM"
183,219,119,"mater","LIFAM"
184,219,1069,"relicta","LIFAM"
187,44,1013,"filius","LIFAM"
188,44,1013,"heres","LIFAM"
189,44,45,"frater","LIFAM"
190,1062,919,"filius","LIFAM"
191,1062,919,"heres","LIFAM"
192,900,789,"uxor","LIFAM"
193,398,1018,"filius","LIFAM"
194,398,1018,"heres","LIFAM"
195,900,1005,"relicta","LIFAM"
196,745,860,"uxor","LIFAM"
197,745,956,"uxor","LIFAM"
198,748,1054,"relicta","LIFAM"
199,901,154,"soror","LIFAM"
200,901,304,"uxor","LIFAM"
201,10,1016,"filius","LIFAM"
202,10,1016,"heres","LIFAM"
203,59,955,"filius","LIFAM"
204,59,955,"heres","LIFAM"
206,59,60,"frater","LIFAM"
207,178,179,"frater","LIFAM"
208,178,1061,"filius","LIFAM"
209,178,1061,"heres","LIFAM"
210,684,913,"filius","LIFAM"
211,684,913,"heres","LIFAM"
212,749,1056,"relicta","LIFAM"
214,166,1028,"filius","LIFAM"
215,166,167,"frater","LIFAM"
216,166,1028,"heres","LIFAM"
217,751,1039,"nepos","LIFAM"
218,1050,1043,"filia","LIFAM"
219,1050,1014,"uxor","LIFAM"
220,1050,881,"filia","LIFAM"
222,402,387,"conjuges","LIFAM"
223,451,105,"uxor","LIFAM"
224,454,1080,"familiaris","LITRA"
225,1051,928,"filia","LIFAM"
226,1051,928,"heres","LIFAM"
227,220,1030,"heres","LIFAM"
228,357,930,"filia","LIFAM"
229,357,930,"heres","LIFAM"
230,127,1074,"filia","LIFAM"
231,127,1074,"heres","LIFAM"
232,127,57,"uxor","LIFAM"
233,107,113,"sororius sive cognatus","LIFAM"
234,119,787,"uxor","LIFAM"
235,119,1069,"filia","LIFAM"
236,119,1069,"heres","LIFAM"
237,1063,112,"pater","LIFAM"
238,1020,1036,"filius","LIFAM"
239,1020,1036,"heres","LIFAM"
240,111,113,"camerari","LITRA"
241,190,832,"familiaris","LITRA"
242,992,999,"frater","LIFAM"
243,992,1027,"heres","LIFAM"
244,992,1027,"filius","LIFAM"
245,1021,1080,"serviens armorum curie marescal","LITRA"
247,759,1080,"serviens armorum","LITRA"
248,910,1080,"scriptor et corrector litteram","LITRA"
249,912,191,"filius","LIFAM"
250,758,852,"frater","LIFAM"
251,1022,739,"familiaris","LITRA"
252,126,125,"frater","LIFAM"
253,126,1060,"filius","LIFAM"
254,126,1060,"heres","LIFAM"
255,180,181,"frater","LIFAM"
256,180,182,"frater","LIFAM"
257,180,1064,"filius","LIFAM"
258,180,1064,"heres","LIFAM"
259,764,857,"frater","LIFAM"
260,914,1040,"frater","LIFAM"
261,915,983,"nepos","LIFAM"
262,97,878,"mater","LIFAM"
263,97,714,"relicta","LIFAM"
264,771,778,"uxor","LIFAM"
268,266,920,"filia","LIFAM"
269,995,950,"filia","LIFAM"
270,995,810,"relicta","LIFAM"
271,995,1022,"uxor","LIFAM"
272,372,772,"relicta","LIFAM"
273,250,249,"conjuges","LIFAM"
274,250,1080,"palefrenarius","LITRA"
275,84,113,"familiaris","LITRA"
276,768,906,"frater","LIFAM"
277,112,1063,"filius","LIFAM"
278,112,1063,"heres","LIFAM"
279,112,1065,"filius","LIFAM"
280,112,1065,"heres","LIFAM"
283,49,1055,"heres","LIFAM"
284,773,795,"uxor","LIFAM"
287,30,1023,"filius","LIFAM"
288,30,1023,"heres","LIFAM"
289,391,1039,"frater","LIFAM"
290,339,403,"familiaris","LITRA"
291,99,470,"filia","LIFAM"
292,99,470,"heres","LIFAM"
293,39,806,"relicta","LIFAM"
294,228,691,"heres","LIFAM"
296,776,694,"heres","LIFAM"
297,366,696,"heres","LIFAM"
298,300,700,"heres","LIFAM"
299,309,703,"heres","LIFAM"
300,108,706,"heres","LIFAM"
301,217,884,"heres","LIFAM"
302,308,720,"heres","LIFAM"
303,199,724,"heres","LIFAM"
304,192,701,"heres","LIFAM"
305,137,886,"heres","LIFAM"
306,83,784,"heres","LIFAM"
307,117,921,"heres","LIFAM"
308,176,615,"heres","LIFAM"
309,130,958,"heres","LIFAM"
310,777,834,"heres","LIFAM"
311,156,741,"heres","LIFAM"
312,328,899,"heres","LIFAM"
313,98,808,"heres","LIFAM"
314,204,1051,"heres","LIFAM"
315,129,1020,"heres","LIFAM"
316,101,757,"heres","LIFAM"
317,1091,1090,"heres","LIFAM"
318,1089,1088,"heres","LIFAM"
319,1104,1103,"heres","LIFAM"
321,132,914,"heres","LIFAM"
322,326,767,"heres","LIFAM"
323,687,911,"heres","LIFAM"
324,311,620,"heres","LIFAM"
325,340,770,"heres","LIFAM"
326,162,1290,"heres","LIFAM"
327,24,927,"heres","LIFAM"
328,135,797,"heres","LIFAM"
329,307,801,"heres","LIFAM"
330,337,931,"heres","LIFAM"
331,327,804,"heres","LIFAM"
332,203,805,"heres","LIFAM"
333,296,794,"heres","LIFAM"
334,175,755,"heres","LIFAM"
335,385,943,"heres","LIFAM"
336,207,1034,"heres","LIFAM"
337,110,1017,"heres","LIFAM"
338,329,826,"heres","LIFAM"
339,128,1053,"heres","LIFAM"
340,352,1076,"heres","LIFAM"
341,350,136,"heres","LIFAM"
342,227,1006,"heres","LIFAM"
343,148,1079,"heres","LIFAM"
344,140,1071,"heres","LIFAM"
345,133,847,"heres","LIFAM"
347,1085,1086,"heres","LIFAM"
349,358,976,"heres","LIFAM"
350,87,1010,"heres","LIFAM"
353,310,870,"heres","LIFAM"
354,351,693,"heres","LIFAM"
355,332,190,"filius","LIFAM"
356,332,190,"heres","LIFAM"
357,330,1033,"filius","LIFAM"
358,330,331,"frater","LIFAM"
359,330,1033,"heres","LIFAM"
360,779,844,"frater","LIFAM"
361,1025,355,"filius","LIFAM"
362,1025,355,"heres","LIFAM"
363,105,1290,"heres","LIFAM"
364,105,1290,"filius","LIFAM"
365,35,723,"uxor","LIFAM"
366,35,1003,"filia","LIFAM"
367,35,1003,"heres","LIFAM"
368,35,828,"relicta","LIFAM"
369,276,984,"filius","LIFAM"
370,276,984,"heres","LIFAM"
371,783,1080,"cursor","LITRA"
372,45,1013,"filius","LIFAM"
373,45,1013,"heres","LIFAM"
374,322,1009,"filia","LIFAM"
375,322,1009,"heres","LIFAM"
376,322,887,"uxor","LIFAM"
377,186,949,"filius","LIFAM"
378,186,949,"heres","LIFAM"
379,785,718,"frater","LIFAM"
380,786,239,"filius","LIFAM"
381,788,927,"consanguineus","LIFAM"
382,141,763,"nepos","LIFAM"
383,62,1026,"heres","LIFAM"
384,62,1026,"filius","LIFAM"
385,79,1062,"filius","LIFAM"
386,79,1062,"heres","LIFAM"
387,188,187,"frater","LIFAM"
388,188,1042,"heres","LIFAM"
389,921,113,"filius","LIFAM"
390,283,1012,"filius","LIFAM"
391,283,1012,"heres","LIFAM"
392,211,941,"filius","LIFAM"
393,211,941,"heres","LIFAM"
394,1052,1080,"serviens armorum","LITRA"
395,791,730,"frater","LIFAM"
396,792,116,"mater","LIFAM"
397,924,729,"filia","LIFAM"
398,924,920,"relicta","LIFAM"
399,96,854,"filia","LIFAM"
400,96,59,"uxor","LIFAM"
401,268,269,"filia","LIFAM"
402,268,988,"uxor","LIFAM"
403,280,1075,"filia","LIFAM"
404,280,1075,"heres","LIFAM"
405,280,279,"soror","LIFAM"
406,280,11,"soror","LIFAM"
407,20,985,"relicta","LIFAM"
408,20,811,"uxor","LIFAM"
409,925,16,"pater","LIFAM"
410,813,241,"uxor","LIFAM"
411,77,897,"filia","LIFAM"
412,1077,978,"filia","LIFAM"
413,1077,978,"heres","LIFAM"
414,149,973,"relicta","LIFAM"
415,15,938,"filia","LIFAM"
416,15,938,"heres","LIFAM"
417,15,827,"uxor","LIFAM"
419,31,923,"filia","LIFAM"
420,31,923,"heres","LIFAM"
422,158,157,"conjuges","LIFAM"
423,158,781,"relicta","LIFAM"
425,356,580,"filia","LIFAM"
426,356,580,"heres","LIFAM"
427,29,1023,"filius","LIFAM"
428,29,30,"frater","LIFAM"
429,100,750,"familiaris","LITRA"
430,5,4,"frater","LIFAM"
431,5,1031,"filius","LIFAM"
432,5,1031,"heres","LIFAM"
434,797,739,"familiaris","LITRA"
435,926,916,"filius","LIFAM"
436,926,916,"heres","LIFAM"
437,81,1080,"hostiar porte ferree palaci","LITRA"
438,153,1072,"familiaris","LITRA"
439,153,890,"filius","LIFAM"
440,153,890,"heres","LIFAM"
441,52,1032,"filius","LIFAM"
442,52,1032,"heres","LIFAM"
443,492,993,"filius","LIFAM"
444,492,993,"heres","LIFAM"
445,40,737,"familiaris","LITRA"
446,312,313,"conjuges","LIFAM"
447,161,968,"filius","LIFAM"
448,161,968,"heres","LIFAM"
449,181,182,"frater","LIFAM"
450,181,1064,"filius","LIFAM"
451,181,1064,"heres","LIFAM"
452,930,1080,"serviens armorum","LITRA"
453,233,997,"filius","LIFAM"
454,233,997,"heres","LIFAM"
455,354,833,"filius","LIFAM"
456,931,335,"frater","LIFAM"
457,202,1052,"filius","LIFAM"
458,202,1052,"heres","LIFAM"
459,1106,1080,"abreviator","LITRA"
460,803,1072,"magistri aule","LITRA"
461,932,91,"conjuges","LIFAM"
462,500,131,"frater","LIFAM"
463,500,957,"heres","LIFAM"
464,90,113,"porteri","LITRA"
465,1030,863,"filia","LIFAM"
466,1030,980,"relicta","LIFAM"
467,1030,220,"uxor","LIFAM"
468,814,838,"relicta","LIFAM"
469,25,499,"uxor","LIFAM"
470,998,1046,"conjuges","LIFAM"
471,173,664,"uxor","LIFAM"
472,173,596,"filia","LIFAM"
473,183,736,"filia","LIFAM"
474,214,1047,"filius","LIFAM"
475,214,215,"frater","LIFAM"
476,214,1047,"heres","LIFAM"
477,4,5,"frater","LIFAM"
478,4,1031,"filius","LIFAM"
479,4,1031,"heres","LIFAM"
480,999,1027,"filius","LIFAM"
481,999,1027,"heres","LIFAM"
482,1070,420,"uxor","LIFAM"
483,174,969,"filius","LIFAM"
484,174,969,"heres","LIFAM"
485,1000,918,"filia","LIFAM"
486,1000,918,"heres","LIFAM"
487,1000,753,"uxor","LIFAM"
488,138,882,"filia","LIFAM"
489,138,882,"heres","LIFAM"
490,138,962,"uxor","LIFAM"
491,815,699,"relicta","LIFAM"
492,816,839,"relicta","LIFAM"
493,208,966,"relicta","LIFAM"
494,1032,937,"filia","LIFAM"
495,1032,937,"heres","LIFAM"
496,318,14,"uxor","LIFAM"
497,172,317,"uxor","LIFAM"
498,172,874,"filia","LIFAM"
499,172,874,"heres","LIFAM"
500,172,845,"relicta","LIFAM"
501,17,692,"uxor","LIFAM"
502,349,1066,"filia","LIFAM"
503,349,1066,"heres","LIFAM"
504,349,1007,"felezez","LIFAM"
505,349,904,"uxor","LIFAM"
506,817,125,"filia","LIFAM"
507,154,1076,"relicta","LIFAM"
508,154,693,"mater","LIFAM"
509,940,685,"filia","LIFAM"
510,940,685,"heres","LIFAM"
511,102,987,"filia","LIFAM"
512,102,987,"heres","LIFAM"
513,102,867,"uxor","LIFAM"
514,401,1021,"relicta","LIFAM"
516,360,888,"relicta","LIFAM"
517,359,145,"uxor","LIFAM"
518,359,1035,"filia","LIFAM"
519,359,1035,"heres","LIFAM"
520,943,766,"uxor","LIFAM"
521,244,800,"heres","LIFAM"
522,177,178,"frater","LIFAM"
523,177,1061,"filius","LIFAM"
524,177,1061,"heres","LIFAM"
525,92,1010,"filia","LIFAM"
526,92,836,"uxor","LIFAM"
527,182,1064,"filius","LIFAM"
528,182,1064,"heres","LIFAM"
529,1002,793,"filia","LIFAM"
530,243,986,"uxor","LIFAM"
531,243,1037,"heres","LIFAM"
532,243,1037,"filia","LIFAM"
533,1034,762,"relicta","LIFAM"
534,1034,960,"uxor","LIFAM"
535,821,1005,"filia","LIFAM"
536,821,1005,"heres","LIFAM"
537,821,88,"uxor","LIFAM"
538,944,1035,"relicta","LIFAM"
540,944,145,"uxor","LIFAM"
541,945,959,"filia","LIFAM"
542,945,959,"heres","LIFAM"
543,1065,929,"filia","LIFAM"
544,1065,112,"mater","LIFAM"
545,1065,1063,"relicta","LIFAM"
546,51,1026,"relicta","LIFAM"
547,51,63,"mater","LIFAM"
548,51,62,"mater","LIFAM"
549,232,809,"relicta","LIFAM"
550,820,1045,"mater","LIFAM"
551,382,383,"conjuges","LIFAM"
554,48,49,"consanguineus","LIFAM"
555,48,1055,"heres","LIFAM"
556,946,977,"filius","LIFAM"
557,946,977,"heres","LIFAM"
558,187,1042,"filius","LIFAM"
561,118,113,"frater","LIFAM"
562,89,1072,"socius","LITRA"
563,823,790,"uxor","LIFAM"
564,254,972,"uxor","LIFAM"
565,254,1068,"filia","LIFAM"
566,254,1068,"heres","LIFAM"
567,826,975,"filia","LIFAM"
568,826,955,"uxor","LIFAM"
569,36,1016,"heres","LIFAM"
570,36,1016,"filia","LIFAM"
571,36,841,"relicta","LIFAM"
572,36,903,"uxor","LIFAM"
573,1053,1036,"filius","LIFAM"
574,1053,1020,"frater","LIFAM"
575,1053,1036,"heres","LIFAM"
576,953,824,"scriptor","LITRA"
577,953,1080,"scriptor et regestrator supplicationum","LITRA"
578,958,1080,"scriptor","LITRA"
580,63,62,"frater","LIFAM"
581,63,1026,"filius","LIFAM"
582,63,1026,"heres","LIFAM"
583,1066,1007,"filius","LIFAM"
584,1066,1007,"heres","LIFAM"
585,830,843,"frater","LIFAM"
586,256,1002,"filius","LIFAM"
587,256,1002,"heres","LIFAM"
588,124,125,"frater","LIFAM"
589,124,1060,"filius","LIFAM"
590,124,126,"frater","LIFAM"
591,124,1060,"heres","LIFAM"
592,284,1012,"filius","LIFAM"
593,284,283,"frater","LIFAM"
594,284,1012,"heres","LIFAM"
596,1006,911,"frater","LIFAM"
597,335,931,"frater","LIFAM"
598,836,1080,"cursor","LITRA"
599,956,143,"avunculi","LIFAM"
600,131,957,"filius","LIFAM"
601,131,1080,"capellanus commensalis","LITRA"
602,1040,282,"pater","LIFAM"
603,336,951,"filius","LIFAM"
604,336,951,"heres","LIFAM"
605,362,933,"filius","LIFAM"
606,362,933,"heres","LIFAM"
607,961,1056,"filius","LIFAM"
608,961,1056,"heres","LIFAM"
609,1079,1078,"filius","LIFAM"
610,1079,1078,"heres","LIFAM"
611,78,1038,"filius","LIFAM"
612,78,1038,"heres","LIFAM"
613,288,289,"conjuges","LIFAM"
614,1071,1067,"filius","LIFAM"
615,1071,1067,"heres","LIFAM"
616,95,94,"conjuges","LIFAM"
617,95,932,"filia","LIFAM"
618,8,717,"uxor","LIFAM"
619,1055,905,"heres","LIFAM"
620,1055,905,"uxor","LIFAM"
621,973,216,"porteri","LITRA"
622,964,963,"filius","LIFAM"
623,9018,1058,"avunculi","LIFAM"
624,967,1058,"frater","LIFAM"
625,194,1039,"heres","LIFAM"
626,194,1039,"nepos","LIFAM"
627,1058,347,"pater","LIFAM"
628,851,702,"heres","LIFAM"
629,975,826,"pater","LIFAM"
630,85,774,"frater","LIFAM"
631,1101,759,"familiaris","LITRA"
632,346,971,"filius","LIFAM"
633,346,971,"heres","LIFAM"
634,1009,887,"uxor","LIFAM"
635,859,910,"nepos","LIFAM"
636,65,1054,"filius","LIFAM"
637,65,1054,"heres","LIFAM"
638,116,1057,"filia","LIFAM"
639,116,1057,"heres","LIFAM"
640,116,731,"uxor","LIFAM"
641,26,1024,"heres","LIFAM"
642,26,1024,"relicta","LIFAM"
643,26,348,"nunc uxor","LIFAM"
644,26,991,"filia","LIFAM"
645,26,991,"heres","LIFAM"
646,16,1048,"filius","LIFAM"
647,16,1048,"heres","LIFAM"
648,979,825,"frater","LIFAM"
649,979,1080,"magistrum hostiar","LITRA"
650,115,896,"filius","LIFAM"
651,115,896,"heres","LIFAM"
652,355,1025,"filius","LIFAM"
653,355,1025,"heres","LIFAM"
654,980,122,"pater","LIFAM"
655,6,1019,"filia","LIFAM"
656,6,1019,"heres","LIFAM"
657,6,853,"relicta","LIFAM"
658,6,7,"soror","LIFAM"
659,397,1018,"filius","LIFAM"
660,397,1018,"heres","LIFAM"
661,981,1003,"conjuges","LIFAM"
662,981,794,"soror","LIFAM"
663,58,754,"relicta","LIFAM"
664,282,1040,"filia","LIFAM"
665,282,1040,"heres","LIFAM"
666,282,976,"relicta","LIFAM"
667,387,819,"relicta","LIFAM"
668,387,402,"uxor","LIFAM"
670,353,1001,"uxor","LIFAM"
671,353,1015,"filia","LIFAM"
672,353,1015,"heres","LIFAM"
673,353,470,"relicta","LIFAM"
674,868,738,"familiaris","LITRA"
675,122,1074,"frater","LIFAM"
677,122,1059,"frater","LIFAM"
678,395,394,"filius","LIFAM"
679,983,113,"socius caparum","LITRA"
680,374,822,"uxor","LIFAM"
681,236,237,"soror","LIFAM"
682,285,284,"filius","LIFAM"
683,285,284,"heres","LIFAM"
684,370,760,"uxor","LIFAM"
685,872,732,"uxor","LIFAM"
686,1011,942,"filia","LIFAM"
687,1011,942,"heres","LIFAM"
688,1011,798,"uxor","LIFAM"
689,91,948,"uxor","LIFAM"
690,91,1045,"filia","LIFAM"
691,91,1045,"heres","LIFAM"
692,1045,948,"uxor","LIFAM"
693,21,985,"filius","LIFAM"
694,21,20,"filius","LIFAM"
695,686,889,"uxor","LIFAM"
696,686,834,"relicta","LIFAM"
697,526,1268,"frater","LIFAM"
698,1227,453,"uxor","LIFAM"
701,254,521,"filia","LIFAM"
703,348,568,"tutor","LIFAM"
705,404,1198,"uxor","LIFAM"
706,405,1023,"uxor","LIFAM"
707,406,1220,"uxor","LIFAM"
708,406,1231,"tutor","LIFAM"
710,412,2,"uxor","LIFAM"
711,418,1252,"filius","LIFAM"
712,420,32,"pater","LIFAM"
713,421,463,"uxor","LIFAM"
714,423,1283,"uxor","LIFAM"
716,429,1269,"uxor","LIFAM"
717,1122,200,"uxor","LIFAM"
718,434,457,"uxor","LIFAM"
719,436,1256,"pater","LIFAM"
720,436,1280,"pater","LIFAM"
721,436,1275,"uxor","LIFAM"
722,439,1270,"filia","LIFAM"
723,440,580,"uxor","LIFAM"
724,441,1224,"uxor","LIFAM"
725,448,1177,"uxor","LIFAM"
726,451,425,"filia","LIFAM"
727,458,1115,"filius","LIFAM"
728,616,587,"frater","LIFAM"
729,462,529,"mater","LIFAM"
730,462,529,"tutor","LIFAM"
733,574,472,"uxor","LIFAM"
734,475,1160,"uxor","LIFAM"
735,476,1222,"uxor","LIFAM"
736,477,1163,"uxor","LIFAM"
737,477,1163,"heres","LIFAM"
738,477,586,"tutor","LIFAM"
739,478,1140,"filia","LIFAM"
740,479,81,"uxor","LIFAM"
741,480,104,"uxor","LIFAM"
743,506,1271,"filius","LIFAM"
744,508,1111,"filia","LIFAM"
745,510,1182,"filia","LIFAM"
746,513,1221,"uxor","LIFAM"
747,514,1266,"uxor","LIFAM"
748,515,1155,"uxor","LIFAM"
749,517,1278,"relicta","LIFAM"
750,518,426,"uxor","LIFAM"
751,519,1153,"uxor","LIFAM"
752,520,490,"uxor","LIFAM"
753,521,1068,"uxor","LIFAM"
754,521,254,"tutor","LIFAM"
756,523,1143,"uxor","LIFAM"
757,524,1282,"filia","LIFAM"
758,524,1156,"relicta","LIFAM"
759,525,1279,"uxor","LIFAM"
760,527,576,"tutor","LIFAM"
762,553,582,"tutor","LIFAM"
763,558,534,"relicta","LIFAM"
764,561,571,"uxor","LIFAM"
765,563,1118,"uxor","LIFAM"
766,564,1284,"filia","LIFAM"
767,564,1284,"heres","LIFAM"
768,568,1024,"filia","LIFAM"
769,568,1024,"heres","LIFAM"
770,570,1290,"uxor","LIFAM"
771,570,579,"tutor","LIFAM"
772,570,580,"tutor","LIFAM"
773,570,581,"tutor","LIFAM"
774,572,554,"filiastre","LIFAM"
775,576,1127,"filius","LIFAM"
776,576,1127,"heres","LIFAM"
777,577,664,"uxor","LIFAM"
778,579,570,"filius","LIFAM"
779,579,1290,"filius","LIFAM"
780,579,1290,"heres","LIFAM"
781,580,570,"filius","LIFAM"
782,580,1290,"filius","LIFAM"
783,580,1290,"heres","LIFAM"
784,581,570,"filius","LIFAM"
785,581,1290,"filius","LIFAM"
786,581,1290,"heres","LIFAM"
787,582,1176,"filia","LIFAM"
788,583,555,"uxor","LIFAM"
789,587,616,"frater","LIFAM"
790,1255,450,"uxor","LIFAM"
791,1259,1261,"filius","LIFAM"
792,1267,682,"filia","LIFAM"
793,1129,1128,"filius","LIFAM"
794,1120,1122,"filius","LIFAM"
795,1243,1122,"filius","LIFAM"
796,1244,1122,"filius","LIFAM"
797,1245,1122,"filius","LIFAM"
798,710,194,"uxor","LIFAM"
799,1276,1251,"uxor","LIFAM"
800,586,1163,"filius","LIFAM"
801,586,477,"filius","LIFAM"
802,1285,1165,"filia","LIFAM"
803,1285,533,"uxor","LIFAM"
804,1289,533,"filius","LIFAM"
805,1289,1285,"filius","LIFAM"
806,1289,533,"heres","LIFAM"
807,1254,1168,"uxor","LIFAM"
808,1258,1064,"uxor","LIFAM"
809,1284,1170,"uxor","LIFAM"
810,1291,1072,"nepos","LIFAM"
811,1262,1181,"familiaris","LIFAM"
812,1277,1187,"uxor","LIFAM"
813,1200,1052,"filia","LIFAM"
816,1253,1202,"filia","LIFAM"
817,430,1204,"filius","LIFAM"
819,1210,1265,"filia","LIFAM"
820,1281,1053,"frater","LIFAM"
821,1264,1263,"filia","LIFAM"
822,1272,1273,"uxor","LIFAM"
823,1218,1219,"frater","LIFAM"
824,1274,1223,"filius","LIFAM"
825,1286,1225,"filius","LIFAM"
826,1287,1225,"filius","LIFAM"
827,1288,1225,"filius","LIFAM"
828,1286,1287,"frater","LIFAM"
829,1286,1288,"frater","LIFAM"
830,1288,1287,"frater","LIFAM"
832,1231,1232,"filius","LIFAM"
833,1260,1240,"filia","LIFAM"
834,1257,1240,"filia","LIFAM"
836,1778,1571,"uxor","LIFAM"
837,2271,2272,"uxor","LIFAM"
838,2273,2274,"uxor","LIFAM"
839,1563,585,"uxor","LIFAM"
840,1518,1564,"frater","LIFAM"
841,2275,50,"filius","LIFAM"
843,2032,2276,"uxor","LIFAM"
844,1755,2277,"heres","LIFAM"
845,1755,1741,"uxor","LIFAM"
846,2112,2160,"uxor","LIFAM"
847,2232,2278,"uxor","LIFAM"
849,2151,2279,"uxor","LIFAM"
850,2151,1842,"filia","LIFAM"
851,1539,1628,"frater","LIFAM"
852,2097,201,"socius","LIFAM"
853,201,1080,"apothecarius","LITRA"
854,2208,201,"relicta","LIFAM"
855,1680,2280,"relicta","LIFAM"
856,1957,1894,"frater","LIFAM"
857,1583,2281,"relicta","LIFAM"
859,1561,2060,"relicta","LIFAM"
860,1600,456,"uxor","LIFAM"
861,1529,2282,"relicta","LIFAM"
862,1529,1600,"mater","LIFAM"
863,719,1080,"hostiarius","LITRA"
864,2135,1907,"heres","LIFAM"
865,2135,1907,"filius","LIFAM"
866,2283,2135,"mater","LIFAM"
867,2283,2135,"heres","LIFAM"
868,2283,2284,"relicta","LIFAM"
869,1574,1573,"frater","LIFAM"
870,60,955,"heres","LIFAM"
871,60,955,"filius","LIFAM"
872,2285,2286,"uxor","LIFAM"
873,1565,2287,"uxor","LIFAM"
874,1499,2288,"relicta","LIFAM"
875,2289,2070,"uxor","LIFAM"
876,1620,2290,"uxor","LIFAM"
877,2068,2127,"filius","LIFAM"
878,1051,1771,"filia","LIFAM"
879,2019,2018,"uxor","LIFAM"
880,1051,2292,"uxor","LIFAM"
881,1576,2291,"uxor","LIFAM"
882,1820,2293,"heres","LIFAM"
883,2084,1080,"palafrenarius","LITRA"
884,1568,1730,"uxor","LIFAM"
885,1495,2294,"relicta","LIFAM"
886,2119,2263,"uxor","LIFAM"
888,2295,216,"porterius","LITRA"
889,2297,2296,"uxor","LIFAM"
890,1663,272,"uxor","LIFAM"
891,1567,2298,"uxor","LIFAM"
892,2231,2299,"uxor","LIFAM"
893,2123,1716,"uxor","LIFAM"
894,1619,1714,"uxor","LIFAM"
895,1619,2300,"nunc uxor","LIFAM"
896,1580,2301,"uxor","LIFAM"
897,2173,2233,"conjugum","LIFAM"
898,2213,2063,"uxor","LIFAM"
899,1754,1722,"uxor","LIFAM"
900,1854,1705,"nunc uxor","LIFAM"
901,1621,2304,"relicta","LIFAM"
902,1762,2305,"uxor","LIFAM"
903,2265,2150,"uxor","LIFAM"
904,1739,2306,"uxor","LIFAM"
905,1733,1598,"uxor","LIFAM"
906,2234,2221,"uxor","LIFAM"
907,2235,2193,"uxor","LIFAM"
908,1740,2307,"uxor","LIFAM"
909,2092,2308,"conjuges","LIFAM"
910,2309,2191,"uxor","LIFAM"
911,2180,2246,"uxor","LIFAM"
912,2021,103,"uxor","LIFAM"
913,1542,2310,"uxor","LIFAM"
914,2311,1080,"porterius prime porte palati","LITRA"
915,1543,2311,"filia","LIFAM"
916,1861,1729,"uxor","LIFAM"
917,2118,2195,"uxor","LIFAM"
918,1685,612,"filia","LIFAM"
919,1685,612,"heres","LIFAM"
920,1519,612,"filia","LIFAM"
921,1519,612,"heres","LIFAM"
922,2117,2069,"uxor","LIFAM"
923,2267,2312,"nunc uxor","LIFAM"
924,2146,2178,"conjuges","LIFAM"
926,2313,2314,"uxor","LIFAM"
927,1589,1706,"uxor","LIFAM"
928,1972,810,"uxor","LIFAM"
929,2110,2257,"uxor","LIFAM"
930,2174,2161,"uxor","LIFAM"
931,2315,2317,"relicta","LIFAM"
932,2249,2315,"heres","LIFAM"
933,2250,2318,"heres","LIFAM"
934,2250,2318,"filia","LIFAM"
935,2138,2181,"conjuges","LIFAM"
936,2236,1634,"filius","LIFAM"
937,1494,1634,"uxor","LIFAM"
938,1728,2319,"familiaris","LIFAM"
939,1760,2320,"relicta","LIFAM"
940,2321,2077,"uxor","LIFAM"
941,2321,2322,"relicta","LIFAM"
942,1672,1457,"uxor","LIFAM"
944,2123,2198,"uxor","LIFAM"
945,1953,1080,"secretarius","LITRA"
946,1669,1701,"uxor","LIFAM"
947,1504,2323,"relicta","LIFAM"
948,2264,1803,"uxor","LIFAM"
949,1622,1782,"uxor","LIFAM"
950,1737,1588,"uxor","LIFAM"
951,1671,1491,"uxor","LIFAM"
952,1721,1572,"filius","LIFAM"
953,2116,2245,"uxor","LIFAM"
954,2223,2076,"uxor","LIFAM"
955,1757,1490,"uxor","LIFAM"
956,2228,2324,"filia","LIFAM"
958,2167,2206,"uxor","LIFAM"
959,1822,1950,"uxor","LIFAM"
960,2168,2325,"uxor","LIFAM"
961,2251,831,"conjuges","LIFAM"
962,1853,2326,"relicta","LIFAM"
963,2327,2063,"filius","LIFAM"
964,2328,2329,"uxor","LIFAM"
966,1731,2184,"conjuges","LIFAM"
967,1627,2330,"filius","LIFAM"
968,1627,2330,"heres","LIFAM"
969,2217,2331,"filia","LIFAM"
970,1703,2332,"filius","LIFAM"
971,2214,2238,"uxor","LIFAM"
972,1505,1753,"uxor","LIFAM"
973,1852,1705,"uxor","LIFAM"
974,2182,2162,"uxor","LIFAM"
975,1844,2333,"filius","LIFAM"
976,1749,1746,"uxor","LIFAM"
977,1492,1695,"uxor","LIFAM"
979,2111,2201,"uxor","LIFAM"
980,1850,1788,"uxor","LIFAM"
981,2144,2225,"uxor","LIFAM"
982,2269,2334,"filia","LIFAM"
983,2183,1006,"uxor","LIFAM"
984,2131,2126,"filius","LIFAM"
985,1732,1605,"uxor","LIFAM"
986,1682,1780,"uxor","LIFAM"
987,2124,2237,"uxor","LIFAM"
988,719,1020,"frater","LIFAM"
991,1123,1625,"frater","LIFAM"
993,356,341,"uxor","LIFAM"
994,1594,1766,"frater","LIFAM"
995,1879,2335,"uxor","LIFAM"
996,1582,2336,"uxor","LIFAM"
997,1614,1779,"socius","LIFAM"
998,2207,2337,"relicta","LIFAM"
999,2130,1271,"uxor","LIFAM"
1000,2130,551,"relicta","LIFAM"
1001,2209,2130,"filia","LIFAM"
1002,1816,765,"filius","LIFAM"
1003,1816,765,"heres","LIFAM"
1004,2122,2338,"uxor","LIFAM"
1005,2218,1911,"conjuges","LIFAM"
1006,2198,136,"filius","LIFAM"
1007,2339,1606,"filius","LIFAM"
1008,1507,1603,"uxor","LIFAM"
1009,2222,2340,"filius","LIFAM"
1010,2137,2340,"uxor","LIFAM"
1011,2152,2341,"uxor","LIFAM"
1012,2152,1508,"heres","LIFAM"
1013,2176,2342,"uxor","LIFAM"
1014,2149,2343,"uxor","LIFAM"
1015,1849,1231,"uxor","LIFAM"
1017,1876,2098,"relicta","LIFAM"
1018,2107,2345,"heres","LIFAM"
1019,2107,2345,"filius","LIFAM"
1020,1849,833,"uxor","LIFAM"
1021,637,472,"uxor","LIFAM"
1022,1826,2346,"heres","LIFAM"
1023,2072,2090,"heres","LIFAM"
1024,2072,2090,"filius","LIFAM"
1025,1752,2040,"uxor","LIFAM"
1026,2147,2347,"uxor","LIFAM"
1027,2147,1752,"soror","LIFAM"
1028,2348,2253,"filius","LIFAM"
1029,1562,1550,"uxor","LIFAM"
1030,312,1987,"frater","LIFAM"
1031,2349,1843,"uxor","LIFAM"
1032,1939,312,"mater","LIFAM"
1033,2350,1080,"hostiarius","LITRA"
1034,1866,2350,"filius","LIFAM"
1035,2351,723,"uxor","LIFAM"
1036,1516,1039,"familiaris","LIFAM"
1037,1516,1080,"scriptor","LITRA"
1038,467,1173,"relicta","LIFAM"
1039,2065,1851,"heres","LIFAM"
1041,1528,2354,"relicta","LIFAM"
1042,2260,2355,"uxor","LIFAM"
1043,1500,2353,"relicta","LIFAM"
1044,1526,2356,"filius","LIFAM"
1045,1526,2356,"heres","LIFAM"
1046,2357,2358,"uxor","LIFAM"
1047,2229,191,"uxor","LIFAM"
1048,2359,191,"filius","LIFAM"
1049,2360,1847,"filia","LIFAM"
1050,1759,2361,"uxor","LIFAM"
1051,1965,2362,"uxor","LIFAM"
1053,1880,2363,"uxor","LIFAM"
1054,1587,2364,"uxor","LIFAM"
1055,2028,2365,"uxor","LIFAM"
1056,1664,2366,"uxor","LIFAM"
1057,1664,1010,"relicta","LIFAM"
1058,2140,2367,"uxor","LIFAM"
1059,2049,1664,"pater","LIFAM"
1060,1841,76,"uxor","LIFAM"
1061,2210,1783,"filia","LIFAM"
1062,1541,2371,"uxor","LIFAM"
1063,2372,2373,"filia","LIFAM"
1064,2372,2373,"heres","LIFAM"
1065,1998,956,"filius","LIFAM"
1066,1501,2374,"uxor","LIFAM"
1067,1501,2375,"heres","LIFAM"
1068,2377,2376,"uxor","LIFAM"
1069,1670,2378,"filia","LIFAM"
1070,1670,2378,"heres","LIFAM"
1071,1670,2379,"nunc uxor","LIFAM"
1072,1590,2380,"uxor","LIFAM"
1073,1590,612,"filia","LIFAM"
1074,2381,50,"uxor","LIFAM"
1075,2381,1590,"filia","LIFAM"
1076,1751,2382,"uxor","LIFAM"
1078,2384,1834,"uxor","LIFAM"
1079,2385,2197,"uxor","LIFAM"
1080,2383,1566,"relicta","LIFAM"
1081,1618,2386,"mater","LIFAM"
1082,2266,2387,"uxor","LIFAM"
1083,2389,2388,"uxor","LIFAM"
1084,424,2392,"uxor","LIFAM"
1085,2390,2391,"filius","LIFAM"
1086,2393,1700,"nepotis","LIFAM"
1087,1764,2391,"heres","LIFAM"
1088,1764,2391,"relicta","LIFAM"
1089,2394,2395,"uxor","LIFAM"
1090,1865,2396,"relicta","LIFAM"
1091,2398,2397,"uxor","LIFAM"
1092,2397,1677,"filius","LIFAM"
1093,1559,2399,"relicta","LIFAM"
1094,1559,1634,"uxor","LIFAM"
1095,2401,2400,"uxor","LIFAM"
1098,1860,2402,"relicta","LIFAM"
1099,1763,2403,"uxor","LIFAM"
1100,2405,2404,"relicta","LIFAM"
1101,2407,2406,"uxor","LIFAM"
1102,1584,2408,"uxor","LIFAM"
1103,2409,2410,"uxor","LIFAM"
1104,2411,1825,"nunc uxor","LIFAM"
1105,1556,770,"filius","LIFAM"
1106,1803,2412,"filius","LIFAM"
1108,2416,2415,"heres","LIFAM"
1109,2416,2415,"filia","LIFAM"
1110,2417,2415,"heres","LIFAM"
1111,2417,2415,"filius","LIFAM"
1112,2418,2415,"heres","LIFAM"
1113,2418,2415,"filius","LIFAM"
1114,2420,2419,"uxor","LIFAM"
1115,1769,2421,"relicta","LIFAM"
1116,2423,2422,"filia","LIFAM"
1117,2424,2425,"filius","LIFAM"
1118,2475,2476,"uxor","LIFAM"
1119,2478,2477,"filia","LIFAM"
1120,2478,2477,"heres","LIFAM"
1121,1545,2479,"filius","LIFAM"
1122,2480,703,"uxor","LIFAM"
1123,994,1520,"filius","LIFAM"
1124,1511,2481,"uxor","LIFAM"
1125,1736,2482,"uxor","LIFAM"
1126,2483,2484,"uxor","LIFAM"
1127,1758,317,"uxor","LIFAM"
1129,1167,1534,"heres","LIFAM"
1131,2463,2462,"filius","LIFAM"
1132,2464,2462,"filius","LIFAM"
1133,2465,2462,"filius","LIFAM"
1134,1744,2466,"uxor","LIFAM"
1135,1623,2467,"uxor","LIFAM"
1136,1171,2468,"uxor","LIFAM"
1137,2469,2470,"filius","LIFAM"
1138,2113,1585,"neptis","LIFAM"
1139,1688,2471,"filius","LIFAM"
1140,1821,2472,"relicta","LIFAM"
1141,2474,2473,"uxor","LIFAM"
1142,1813,1509,"filius","LIFAM"
1143,1662,1867,"uxor","LIFAM"
1144,1734,1700,"uxor","LIFAM"
1145,1597,2368,"heres","LIFAM"
1146,1838,2369,"relicta","LIFAM"
1147,2370,1838,"filia","LIFAM"
1148,2426,1830,"filius","LIFAM"
1149,1575,1668,"filia","LIFAM"
1150,2428,2427,"nunc uxor","LIFAM"
1151,2427,1080,"hostiarius","LITRA"
1152,2430,2429,"uxor","LIFAM"
1153,2431,52,"relicta","LIFAM"
1154,1756,2432,"uxor","LIFAM"
1155,2433,2434,"filia","LIFAM"
1156,2433,2434,"heres","LIFAM"
1157,1633,2435,"filius","LIFAM"
1158,1933,507,"heres","LIFAM"
1159,1917,594,"heres","LIFAM"
1160,1587,2437,"relicta","LIFAM"
1161,2424,2425,"heres","LIFAM"
1162,1914,2438,"heres","LIFAM"
1163,1915,2439,"heres","LIFAM"
1164,1647,2440,"heres","LIFAM"
1165,1916,2441,"heres","LIFAM"
1166,1918,2442,"heres","LIFAM"
1167,1919,2443,"heres","LIFAM"
1168,1920,1466,"heres","LIFAM"
1169,1921,2444,"heres","LIFAM"
1170,1922,2445,"heres","LIFAM"
1171,1923,1014,"heres","LIFAM"
1172,1648,2446,"heres","LIFAM"
1173,1924,2447,"heres","LIFAM"
1174,1649,1317,"heres","LIFAM"
1175,1925,2448,"heres","LIFAM"
1176,1926,2449,"heres","LIFAM"
1177,1650,2450,"heres","LIFAM"
1178,1927,2451,"heres","LIFAM"
1179,1928,1909,"heres","LIFAM"
1180,1929,2452,"heres","LIFAM"
1182,1651,2453,"heres","LIFAM"
1183,1931,2454,"heres","LIFAM"
1184,1932,1950,"heres","LIFAM"
1185,1652,2455,"heres","LIFAM"
1186,1653,2456,"heres","LIFAM"
1188,1934,1153,"heres","LIFAM"
1189,1935,2457,"heres","LIFAM"
1190,1936,2458,"heres","LIFAM"
1191,1654,2459,"heres","LIFAM"
1192,1655,2460,"heres","LIFAM"
1193,1656,456,"heres","LIFAM"
1194,1937,2461,"heres","LIFAM"
1195,1657,2422,"heres","LIFAM"
1196,1658,2462,"heres","LIFAM"
1198,1495,103,"uxor","LIFAM"
1199,2315,2316,"uxor","LIFAM"
1200,1953,1080,"scriptor","LITRA"
1201,2487,2282,"heres","LIFAM"
1202,2448,2619,"heres","LIFAM"
1203,2490,2489,"uxor","LIFAM"
1204,2664,1246,"filius","LIFAM"
1205,2664,1246,"heres","LIFAM"
1206,2489,2666,"palafrenerius","LITRA"
1207,2665,1080,"coquus","LITRA"
1208,557,403,"capelanus","LITRA"
1209,568,2840,"uxor","LIFAM"
1210,2673,2674,"uxor","LIFAM"
1211,2495,737,"capelanus","LITRA"
1212,2495,113,"comprador","LITRA"
1213,2676,2678,"filia","LIFAM"
1214,2496,1805,"uxor","LIFAM"
1215,2497,1827,"heres","LIFAM"
1216,1827,2180,"filius","LIFAM"
1217,2683,1080,"serviens armorum","LITRA"
1218,2681,2682,"frater","LIFAM"
1219,2684,1080,"grossator","LITRA"
1220,2499,2498,"uxor","LIFAM"
1221,2686,1080,"scriptor","LITRA"
1222,2500,2687,"relicta","LIFAM"
1223,2501,1080,"scriptor","LITRA"
1224,2689,2690,"filius","LIFAM"
1225,2502,2691,"heres","LIFAM"
1226,2691,1080,"abreviator","LITRA"
1227,2692,339,"nepos","LIFAM"
1228,2693,403,"cameriarius","LITRA"
1229,2694,2695,"uxor","LIFAM"
1230,2196,2694,"heres","LIFAM"
1231,2697,1080,"corrieu","LITRA"
1232,2505,828,"heres","LIFAM"
1233,2509,2620,"uxor","LIFAM"
1234,2699,2509,"filia","LIFAM"
1235,2699,2279,"uxor","LIFAM"
1236,2700,2701,"uxor","LIFAM"
1237,2511,2621,"uxor","LIFAM"
1238,2512,2622,"uxor","LIFAM"
1239,2202,2623,"uxor","LIFAM"
1240,2513,2624,"uxor","LIFAM"
1241,2704,2705,"relicta","LIFAM"
1242,2705,2833,"scutifer","LITRA"
1243,2707,2706,"uxor","LIFAM"
1244,2516,2515,"uxor","LIFAM"
1245,2710,2711,"filius","LIFAM"
1246,2714,2715,"uxor","LIFAM"
1247,2716,2715,"filia","LIFAM"
1248,2520,2448,"relicta","LIFAM"
1249,2717,2719,"heres","LIFAM"
1250,2718,2719,"uxor","LIFAM"
1251,2521,2625,"filia","LIFAM"
1252,2521,2626,"uxor","LIFAM"
1253,2720,2521,"heres","LIFAM"
1254,2720,2721,"uxor","LIFAM"
1255,2723,2722,"uxor","LIFAM"
1256,2723,2724,"nunc uxor","LIFAM"
1257,2722,2666,"familiaris","LIFAM"
1258,2728,1080,"obreviondor","LITRA"
1259,583,2730,"filia","LIFAM"
1260,2733,2734,"uxor","LIFAM"
1261,2735,1080,"corrieu","LITRA"
1262,2736,2737,"filia","LIFAM"
1263,2528,2738,"filia","LIFAM"
1264,2532,2627,"filia","LIFAM"
1265,2627,1080,"serviens armorum","LITRA"
1266,2627,1080,"corrieu","LITRA"
1267,2533,2628,"filia","LIFAM"
1268,2741,2742,"camerier","LITRA"
1269,2535,2629,"uxor","LIFAM"
1270,2745,2629,"filia","LIFAM"
1271,2745,2535,"filia","LIFAM"
1272,2535,2745,"tutrix","LIFAM"
1273,1093,2629,"filius","LIFAM"
1274,1093,2535,"filius","LIFAM"
1275,2535,1093,"tutrix","LIFAM"
1276,2747,2629,"filia","LIFAM"
1277,2747,2535,"filia","LIFAM"
1278,2535,2747,"tutrix","LIFAM"
1279,2537,2630,"heres","LIFAM"
1280,2630,2631,"filius","LIFAM"
1281,2537,2632,"filius","LIFAM"
1282,2748,2537,"uxor","LIFAM"
1283,2749,2750,"frater","LIFAM"
1284,2539,2540,"frater","LIFAM"
1285,2751,2752,"uxor","LIFAM"
1286,2541,2633,"filius","LIFAM"
1287,2756,103,"soror","LIFAM"
1288,2758,2757,"frater","LIFAM"
1289,2758,103,"filius","LIFAM"
1290,2757,103,"filia","LIFAM"
1291,2757,2758,"uxor","LIFAM"
1294,2542,2634,"filius","LIFAM"
1295,2763,811,"filius","LIFAM"
1296,2543,2635,"uxor","LIFAM"
1297,2544,2636,"relicta","LIFAM"
1298,2544,2637,"uxor","LIFAM"
1299,2766,1080,"courrier","LITRA"
1300,2767,2766,"uxor","LIFAM"
1301,2545,2638,"tutor","LIFAM"
1302,2638,2639,"filia","LIFAM"
1303,2546,2518,"flius","LIFAM"
1304,2547,2518,"flius","LIFAM"
1305,2548,2518,"flius","LIFAM"
1306,2549,2518,"filia","LIFAM"
1307,2546,2518,"heres","LIFAM"
1308,2547,2518,"heres","LIFAM"
1309,2548,2518,"heres","LIFAM"
1310,2549,2518,"heres","LIFAM"
1311,2772,1601,"filius","LIFAM"
1312,2772,1601,"heres","LIFAM"
1314,2558,1019,"frater","LIFAM"
1315,2777,7,"filia","LIFAM"
1316,2777,79,"filia","LIFAM"
1317,2779,2778,"filius","LIFAM"
1318,2561,976,"filia","LIFAM"
1319,2782,2783,"filius","LIFAM"
1320,2787,2566,"filia","LIFAM"
1321,2787,2788,"uxor","LIFAM"
1322,2568,1072,"scutifer","LITRA"
1323,2789,2790,"uxor","LIFAM"
1324,2731,38,"heres","LIFAM"
1325,2569,2641,"filius","LIFAM"
1326,2569,2563,"filius","LIFAM"
1327,2563,2641,"uxor","LIFAM"
1328,2792,2793,"uxor","LIFAM"
1329,2792,2569,"heres","LIFAM"
1330,2794,211,"heres","LIFAM"
1331,2795,211,"heres","LIFAM"
1332,2796,211,"heres","LIFAM"
1333,2643,282,"filius","LIFAM"
1334,2644,282,"filius","LIFAM"
1335,2561,282,"filia","LIFAM"
1336,2646,282,"filia","LIFAM"
1337,2647,282,"filia","LIFAM"
1338,282,2643,"tutrix","LIFAM"
1339,282,2644,"tutrix","LIFAM"
1340,282,2561,"tutrix","LIFAM"
1341,282,2646,"tutrix","LIFAM"
1342,282,2647,"tutrix","LIFAM"
1343,2572,2571,"uxor","LIFAM"
1344,2800,2801,"filius","LIFAM"
1345,2573,2648,"uxor","LIFAM"
1346,2573,2649,"filia","LIFAM"
1347,750,1080,"thesaurius","LITRA"
1348,2575,2576,"soror","LIFAM"
1349,2575,750,"heres","LIFAM"
1350,2576,750,"heres","LIFAM"
1351,2580,2650,"relicta","LIFAM"
1352,2809,2808,"uxor","LIFAM"
1353,2813,2814,"filius","LIFAM"
1354,2816,2813,"uxor","LIFAM"
1355,2588,2651,"uxor","LIFAM"
1356,2652,897,"uxor","LIFAM"
1357,2653,897,"nunc uxor","LIFAM"
1358,2829,2595,"uxor","LIFAM"
1359,2829,965,"filia","LIFAM"
1360,2827,2828,"filius","LIFAM"
1361,232,2654,"filia","LIFAM"
1362,2596,2655,"relicta","LIFAM"
1363,2597,2656,"filia","LIFAM"
1364,2599,2657,"uxor","LIFAM"
1365,2600,2485,"uxor","LIFAM"
1366,2601,2658,"uxor","LIFAM"
1367,2602,2659,"uxor","LIFAM"
1368,2605,2661,"relicta","LIFAM"
1369,2605,2662,"uxor","LIFAM"
1370,2618,2663,"filius","LIFAM"
1371,2663,1080,"abreviator","LITRA"
1372,2565,473,"uxor","LIFAM"
1373,2570,2642,"filius","LIFAM"
1374,2604,2603,"uxor","LIFAM"
1375,2822,2595,"filius","LIFAM"
1376,2552,2838,"heres","LIFAM"
1377,879,1072,"scutifer","LITRA"
1378,75,1049,"scutifer","LITRA"
1379,84,113,"scutifer","LITRA"
1380,100,750,"scutifer","LITRA"
1381,153,1072,"scutifer","LITRA"
1382,107,1080,"scutifer","LITRA"
1383,904,1080,"scutifer","LITRA"
1384,904,1080,"hostiarius","LITRA"
1385,1105,1080,"hostiarius","LITRA"
1386,1105,1080,"scutifer","LITRA"
1387,382,193,"porterius","LITRA"
1388,382,1080,"custos caniculorum","LITRA"
1389,1033,1080,"custos animalium silvestrium","LITRA"
1390,201,1080,"hostiarius","LITRA"
1391,159,1080,"hostiarius","LITRA"
1393,82,1080,"palefrenarius","LITRA"
1394,145,1080,"procurator fiscalis","LITRA"
1395,774,1080,"scriptor","LITRA"
1396,396,1080,"scriptor","LITRA"
1397,904,1080,"serviens armorum","LITRA"
1398,52,1080,"serviens armorum","LITRA"
1399,46,1080,"serviens armorum","LITRA"
1400,1038,1080,"serviens armorum","LITRA"
1401,757,1080,"serviens armorum","LITRA"
1402,2015,1080,"serviens armorum","LITRA"
1403,273,2843,"serviens armorum","LITRA"
1404,241,2843,"serviens armorum","LITRA"
1405,861,2843,"serviens armorum","LITRA"
1406,261,2843,"serviens armorum","LITRA"
1407,1021,2842,"serviens armorum","LITRA"
1408,2839,74,"heres","LIFAM"
1409,2835,2247,"uxor","LIFAM"
1410,2835,2103,"filia","LIFAM"
1411,2837,199,"filia","LIFAM"
1412,2837,199,"heres","LIFAM"
1413,1116,1080,"serviens armorum","LITRA"
1414,1121,1080,"palefrenarius","LITRA"
1415,1126,1080,"cursor","LITRA"
1416,1128,1080,"maserius","LITRA"
1417,1139,1080,"barberius","LITRA"
1418,1145,1080,"porterius prime porte palaci","LITRA"
1419,1149,1080,"serviens armorum","LITRA"
1420,1194,1080,"abreviator","LITRA"
1421,1247,1080,"scriptor litterarum","LITRA"
1422,1557,1080,"hostiarius","LITRA"
1423,1730,1080,"serviens armorum","LITRA"
1424,1765,1080,"ussier prime porte palaci","LITRA"
1425,1783,1080,"funerius","LITRA"
1426,1794,1080,"serviens armorum","LITRA"
1427,1954,1080,"serviens armorum","LITRA"
1428,1966,1080,"serviens armorum","LITRA"
1429,1984,1080,"serviens armorum","LITRA"
1430,2040,1080,"serviens armorum","LITRA"
1431,2055,1080,"cursor","LITRA"
1432,2097,1080,"apothecarius","LITRA"
1433,2099,1080,"ussier porte ferri","LITRA"
1434,2729,1080,"courrier","LITRA"
1435,2793,1080,"corrier","LITRA"
1436,2624,1080,"corrier","LITRA"
1437,2838,1080,"serviens armorum","LITRA"
1438,378,113,"palefrenarius","LITRA"
1439,1010,113,"pasticerius","LITRA"
1440,1147,1049,"equorum","LITRA"
1441,2004,113,"coquus","LITRA"
1442,2844,1080,"serviens armorum","LITRA"
1443,2845,2846,"heres","LIFAM"
1444,2845,2847,"heres","LIFAM"
1445,2849,2848,"heres","LIFAM"
1446,2850,627,"heres","LIFAM"
1447,2852,1080,"grossator","LITRA"
1448,2865,2866,"uxor","LIFAM"
1449,2873,2874,"uxor","LIFAM"
1450,2875,2876,"filia","LIFAM"
1451,2877,2878,"heres","LIFAM"
1452,2882,1080,"porterius","LITRA"
1453,2883,2884,"heres","LIFAM"
1454,2886,2887,"uxor","LIFAM"
1455,2890,2891,"filia","LIFAM"
1456,2897,2898,"filia","LIFAM"
1457,2899,2903,"heres","LIFAM"
1458,2959,2960,"heres","LIFAM"
1459,2961,2962,"heres","LIFAM"
1460,42,833,"relicta","LIFAM"
1461,2964,2965,"heres","LIFAM"
1462,2966,1182,"heres","LIFAM"
1463,2967,1080,"serviens armorum","LITRA"
1464,2909,2910,"heres","LIFAM"
1465,2911,2912,"heres","LIFAM"
1466,2913,2914,"heres","LIFAM"
1467,2918,2919,"uxor","LIFAM"
1468,2939,1080,"abreviator","LITRA"
1469,2955,2956,"genre","LIFAM"
1470,1386,1295,"filius","LIFAM"
1471,597,1303,"uxor","LIFAM"
1472,1363,1305,"uxor","LIFAM"
1473,1366,1367,"conjuges","LIFAM"
1474,610,1365,"relicta","LIFAM"
1475,1387,1364,"uxor","LIFAM"
1476,1387,613,"filia","LIFAM"
1477,618,1368,"uxor","LIFAM"
1478,1369,1370,"uxor","LIFAM"
1479,1372,1319,"molher","LIFAM"
1480,622,1323,"filius","LIFAM"
1481,624,543,"filius","LIFAM"
1482,627,628,"frater","LIFAM"
1483,1374,1373,"filia","LIFAM"
1484,1375,1325,"uxor","LIFAM"
1485,1377,1376,"uxor","LIFAM"
1486,1378,1379,"uxor","LIFAM"
1487,1378,1332,"filia","LIFAM"
1488,1378,41,"relicta","LIFAM"
1489,637,1380,"uxor","LIFAM"
1490,1381,1382,"nunc uxor","LIFAM"
1491,1381,1347,"relicta","LIFAM"
1492,647,1383,"marit us filia","LIFAM"
1493,652,1388,"relicta","LIFAM"
1494,657,646,"filius","LIFAM"
1495,666,1384,"relicta","LIFAM"
1496,670,1385,"uxor","LIFAM"
1497,1387,613,"heres","LIFAM"
1498,622,623,"frater","LIFAM"
1499,623,1323,"filius","LIFAM"
1503,1389,1080,"cursor","LITRA"
1504,635,1080,"scriptor penitenciers","LITRA"
1505,1039,1080,"vice cancellarius","LITRA"
1506,667,1080,"hostiarius prime porte palaci","LITRA"
1507,2975,1317,"frater","LIFAM"
1508,2977,2976,"uxor","LIFAM"
1509,2978,84,"filia","LIFAM"
1510,2979,2980,"filia","LIFAM"
1511,2979,2981,"filia","LIFAM"
1512,2979,2982,"uxor","LIFAM"
1514,2984,2455,"filius","LIFAM"
1515,2985,2455,"filius","LIFAM"
1516,2984,2455,"heres","LIFAM"
1517,2985,2455,"heres","LIFAM"
1518,2989,649,"filius","LIFAM"
1519,2989,649,"heres","LIFAM"
1520,2990,663,"uxor","LIFAM"
1521,2994,2993,"maiste de caval","LITRA"
1522,2995,2997,"filius","LIFAM"
1523,2996,2997,"filius","LIFAM"
1524,2995,2997,"heres","LIFAM"
1525,2996,2997,"heres","LIFAM"
1526,3000,3001,"frater","LIFAM"
1527,3008,575,"uxor","LIFAM"
1528,206,3009,"nepos","LIFAM"
1529,3013,3014,"heres","LIFAM"
1530,3015,741,"filia","LIFAM"
1531,3015,3016,"uxor","LIFAM"
1532,3017,1080,"escudier","LITRA"
1533,2676,1801,"uxor","LIFAM"
1534,3019,492,"heres","LIFAM"
1535,3020,233,"filia","LIFAM"
1536,3020,1848,"uxor","LIFAM"
1537,3022,3023,"uxor","LIFAM"
1538,3024,3025,"uxor","LIFAM"
1539,3026,3027,"uxor","LIFAM"
1540,3029,3030,"frater","LIFAM"
1541,3034,3035,"uxor","LIFAM"
1542,3037,993,"uxor","LIFAM"
1544,3042,3043,"frater","LIFAM"
1545,3045,84,"uxor","LIFAM"
1546,3061,3060,"heres","LIFAM"
1547,3064,3065,"uxor","LIFAM"
1548,3067,3066,"heres","LIFAM"
1549,3076,3885,"filia ","LIFAM"
1550,3570,3886,"filius","LIFAM"
1551,3588,3887,"liberi","LIFAM"
1552,3650,3888,"liberi","LIFAM"
1553,3689,3690,"nepos","LIFAM"
1554,3751,3889,"liberi","LIFAM"
1555,3756,3755,"frater","LIFAM"
1556,3097,3096,"socii","LIFAM"
1557,3110,3109,"liberi","LIFAM"
1558,3115,3890,"filia ","LIFAM"
1559,3221,3891,"liberi","LIFAM"
1560,3282,3281,"frater","LIFAM"
1561,3379,3892,"liberi","LIFAM"
1562,3380,3381,"frater","LIFAM"
1563,3539,3893,"liberi","LIFAM"
1564,3542,3894,"filius","LIFAM"
1565,3681,3895,"filius","LIFAM"
1566,3763,3762,"frater","LIFAM"
1567,3777,3778,"liberi","LIFAM"
1568,3116,3890,"liberi","LIFAM"
1569,3205,3896,"liberi","LIFAM"
1570,3222,3891,"filius","LIFAM"
1571,3296,3297,"frater","LIFAM"
1572,3353,3352,"frater","LIFAM"
1573,3379,3897,"filius","LIFAM"
1574,3521,3898,"uxor","LIFAM"
1575,3549,3899,"liberi","LIFAM"
1576,3628,3900,"liberi","LIFAM"
1577,3675,3901,"filius","LIFAM"
1578,3705,3902,"filius","LIFAM"
1579,3741,3742,"frater","LIFAM"
1580,3132,3133,"filius","LIFAM"
1581,3137,3138,"filius","LIFAM"
1582,3152,1155,"uxor","LIFAM"
1583,3154,3903,"uxor","LIFAM"
1584,3251,3250,"frater","LIFAM"
1585,3333,3904,"uxor","LIFAM"
1586,3334,3905,"heres","LIFAM"
1587,3377,3906,"nepta","LIFAM"
1588,3385,3907,"uxor","LIFAM"
1589,3402,3908,"heres","LIFAM"
1590,3402,3908,"liberi","LIFAM"
1591,3403,3909,"soror","LIFAM"
1592,3454,3528,"uxor","LIFAM"
1593,3497,3910,"uxor","LIFAM"
1594,3518,3913,"uxor","LIFAM"
1595,3560,3914,"filius","LIFAM"
1596,3606,3915,"uxor","LIFAM"
1597,3617,3614,"uxor","LIFAM"
1598,3669,3670,"uxor","LIFAM"
1599,3797,3917,"uxor","LIFAM"
1600,3882,3918,"liberi","LIFAM"
1601,3193,3919,"heres","LIFAM"
1602,3911,3912,"liberi","LIFAM"
1603,3465,3920,"infantes","LIFAM"
1604,3488,3489,"uxor","LIFAM"
1605,3714,3715,"filius","LIFAM"
1606,3082,3921,"uxor","LIFAM"
1607,3603,3922,"uxor","LIFAM"
1609,3685,3684,"heres","LIFAM"
1610,3685,3120,"heres","LIFAM"
1611,3826,3827,"filius","LIFAM"
1612,3131,3924,"filius","LIFAM"
1613,3934,3935,"heres","LIFAM"
1614,3974,3975,"frater","LIFAM"
1615,3745,3746,"frater","LIFAM"
1616,3980,3981,"frater","LIFAM"
1617,3988,3990,"heres","LIFAM"
1618,3791,1080,"serviens armorum ","LITRA"
1619,31,765,"relicta","LIFAM"
1620,6323,1803,"relicta","LIFAM"
1621,7194,6286,"filius","LIFAM"
1622,7255,6286,"filius","LIFAM"
1623,7506,6286,"filius","LIFAM"
1624,6561,6315,"frater","LIFAM"
1625,6579,6315,"frater","LIFAM"
1626,7450,6315,"frater","LIFAM"
1627,7517,6315,"frater","LIFAM"
1628,7365,6350,"filius","LIFAM"
1629,7600,6350,"filius","LIFAM"
1630,4902,6498,"uxor","LIFAM"
1631,7153,6501,"relicta","LIFAM"
1632,7450,6561,"frater","LIFAM"
1633,6931,6569,"filius","LIFAM"
1634,7666,6569,"filius","LIFAM"
1635,6561,6579,"frater","LIFAM"
1636,7450,6579,"frater","LIFAM"
1637,7517,6579,"frater","LIFAM"
1638,6325,6582,"frater","LIFAM"
1639,6674,6590,"factor","LIFAM"
1640,6409,6612,"nepos","LIFAM"
1641,6372,6756,"tutor","LIFAM"
1642,4132,6768,"relicta","LIFAM"
1644,6383,6834,"filius","LIFAM"
1645,6621,6847,"frater","LIFAM"
1646,5712,6856,"socius","LIFAM"
1647,7582,7011,"filius","LIFAM"
1648,6307,7125,"relicta","LIFAM"
1649,6325,7132,"frater","LIFAM"
1650,6585,7132,"frater","LIFAM"
1651,6842,7153,"filia","LIFAM"
1652,7251,7155,"filius","LIFAM"
1653,7570,7173,"uxor","LIFAM"
1654,7255,7194,"frater","LIFAM"
1655,7506,7194,"frater","LIFAM"
1656,7523,7218,"filius","LIFAM"
1657,7506,7255,"frater","LIFAM"
1658,5661,7261,"uxor","LIFAM"
1659,6289,7269,"filius","LIFAM"
1660,7673,7269,"filius","LIFAM"
1661,7191,7291,"frater","LIFAM"
1662,7602,7452,"frater","LIFAM"
1663,7042,7548,"factor","LIFAM"
1664,5827,7551,"frater","LIFAM"
1665,6589,7605,"frater","LIFAM"
1666,429,7691,"relicta","LIFAM"
1667,3797,7692,"relicta","LIFAM"
1668,3917,7693,"relicta","LIFAM"
1669,5516,7693,"filius","LIFAM"
1670,7669,7693,"filius","LIFAM"
1671,4247,7694,"uxor","LIFAM"
1672,4281,7695,"relicta","LIFAM"
1673,4291,7696,"filia","LIFAM"
1674,4365,7697,"uxor","LIFAM"
1675,4395,7698,"uxor","LIFAM"
1676,4397,7699,"uxor","LIFAM"
1677,4406,7700,"relicta","LIFAM"
1678,4418,7701,"uxor","LIFAM"
1679,4461,7702,"uxor","LIFAM"
1680,4475,7703,"uxor","LIFAM"
1681,4481,7704,"uxor","LIFAM"
1682,4488,7705,"filius","LIFAM"
1683,4522,7706,"filius","LIFAM"
1684,4586,7707,"relicta","LIFAM"
1685,4591,7708,"relicta","LIFAM"
1686,4633,7709,"filia","LIFAM"
1687,4639,7710,"uxor","LIFAM"
1688,4645,7711,"filia","LIFAM"
1689,4673,7712,"relicta","LIFAM"
1690,4683,7713,"relicta","LIFAM"
1691,4769,7714,"filia","LIFAM"
1692,4783,7715,"relicta","LIFAM"
1693,4843,7716,"relicta","LIFAM"
1694,4900,7717,"relicta","LIFAM"
1695,4924,7718,"relicta","LIFAM"
1696,4944,7719,"mulier","LIFAM"
1697,4987,7720,"relicta","LIFAM"
1698,5002,7721,"relicta","LIFAM"
1699,5021,7722,"uxor","LIFAM"
1700,5094,7723,"uxor","LIFAM"
1701,5107,7724,"uxor","LIFAM"
1702,5120,7725,"uxor","LIFAM"
1703,5158,7726,"mulier","LIFAM"
1704,5160,7727,"uxor","LIFAM"
1705,5203,7728,"relicta","LIFAM"
1706,5222,7729,"filius","LIFAM"
1707,5258,7730,"mulier","LIFAM"
1708,5263,7731,"relicta","LIFAM"
1709,5283,7732,"uxor","LIFAM"
1710,5325,7733,"uxor","LIFAM"
1711,5350,7734,"uxor","LIFAM"
1712,5413,7735,"relicta","LIFAM"
1713,5439,7736,"relicta","LIFAM"
1714,5592,7738,"uxor","LIFAM"
1715,5685,7739,"uxor","LIFAM"
1716,5780,7740,"relicta","LIFAM"
1717,5819,7741,"filia","LIFAM"
1718,5854,7742,"filius","LIFAM"
1719,5932,7743,"uxor","LIFAM"
1720,6003,7744,"relicta","LIFAM"
1721,6042,7745,"relicta","LIFAM"
1722,6065,7746,"filius","LIFAM"
1723,6077,7747,"relicta","LIFAM"
1724,6190,7748,"relicta","LIFAM"
1725,6931,7748,"filius","LIFAM"
1726,7666,7748,"filius","LIFAM"
1727,6213,7749,"relicta","LIFAM"
1728,6238,7750,"uxor","LIFAM"
1729,6266,7751,"uxor","LIFAM"
1730,6299,7752,"relicta","LIFAM"
1731,6301,7753,"uxor","LIFAM"
1732,6302,7754,"uxor","LIFAM"
1733,6308,7756,"uxor","LIFAM"
1734,6312,7757,"relicta","LIFAM"
1735,6313,7758,"uxor","LIFAM"
1736,6561,7759,"filius","LIFAM"
1737,6578,7759,"filius","LIFAM"
1738,7450,7759,"filius","LIFAM"
1739,7517,7759,"filius","LIFAM"
1740,6315,7759,"filius","LIFAM"
1741,6325,7761,"filius","LIFAM"
1742,6582,7761,"filius","LIFAM"
1743,7132,7761,"filius","LIFAM"
1744,6327,7762,"relicta","LIFAM"
1745,6328,7763,"relicta","LIFAM"
1746,7369,7764,"uxor","LIFAM"
1747,6834,7765,"relicta","LIFAM"
1748,183,7766,"relicta","LIFAM"
1749,6351,7767,"relicta","LIFAM"
1750,7135,7768,"uxor","LIFAM"
1751,6576,7769,"relicta","LIFAM"
1752,6914,7770,"uxor","LIFAM"
1753,6505,7771,"uxor","LIFAM"
1754,6529,7772,"uxor","LIFAM"
1755,7513,7773,"relicta","LIFAM"
1756,6532,7774,"uxor","LIFAM"
1757,6701,7775,"uxor","LIFAM"
1758,6345,7776,"relicta","LIFAM"
1759,7267,7777,"relicta","LIFAM"
1760,7270,7778,"relicta","LIFAM"
1761,6917,7779,"uxor","LIFAM"
1762,6633,7780,"uxor","LIFAM"
1763,7269,7781,"relicta","LIFAM"
1764,7218,7782,"relicta","LIFAM"
1765,5931,7783,"uxor","LIFAM"
1766,6372,7669,"tutor","LIFAM"
1767,7142,7784,"uxor","LIFAM"
1768,6437,7785,"uxor","LIFAM"
1769,7370,7786,"uxor","LIFAM"
1770,7364,7787,"relicta","LIFAM"
1771,6606,7788,"relicta","LIFAM"
1772,7658,7789,"relicta","LIFAM"
1773,6922,7790,"uxor","LIFAM"
1774,7215,7791,"uxor","LIFAM"
1775,6558,7792,"relicta","LIFAM"
1776,6697,7793,"flius","LIFAM"
1777,7104,7794,"uxor","LIFAM"
1778,6350,7795,"uxor","LIFAM"
1779,7274,7796,"uxor","LIFAM"
1780,7543,7797,"relicta","LIFAM"
1781,6925,7798,"relicta","LIFAM"
1782,7119,7799,"uxor","LIFAM"
1783,7259,7800,"uxor","LIFAM"
1784,6811,7801,"uxor","LIFAM"
1785,7544,7802,"uxor","LIFAM"
1786,7565,7671,"frater","LIFAM"
1787,7474,7803,"relicta","LIFAM"
1788,2885,7804,"relicta","LIFAM"
1789,7565,7805,"filius","LIFAM"
1790,7671,7805,"filius","LIFAM"
1791,6833,7806,"uxor","LIFAM"
1792,5162,7807,"relicta","LIFAM"
1793,7376,5479,"uxor","LIFAM"
1794,7316,7808,"filius","LIFAM"
1795,7213,7809,"uxor","LIFAM"
1796,7376,7810,"uxor","LIFAM"
1797,6393,7811,"uxor","LIFAM"
1798,7643,7812,"relicta","LIFAM"
1799,6764,7813,"uxor","LIFAM"
1800,7232,7814,"relicta","LIFAM"
1801,7529,7815,"uxor","LIFAM"
1802,7617,7816,"uxor","LIFAM"
1803,6904,7817,"uxor","LIFAM"
1804,7113,7818,"uxor","LIFAM"
1805,7538,7819,"relicta","LIFAM"
1806,6494,7820,"uxor","LIFAM"
1807,6759,7821,"uxor","LIFAM"
1808,6836,7822,"uxor","LIFAM"
1809,6399,509,"filius","LIFAM"
1810,7201,7823,"uxor","LIFAM"
1811,7328,7824,"uxor","LIFAM"
1812,7123,7825,"frater","LIFAM"
1813,7618,7826,"uxor","LIFAM"
1814,7133,7827,"relicta","LIFAM"
1815,6569,7828,"uxor","LIFAM"
1816,7268,7829,"relicta","LIFAM"
1817,7205,1703,"uxor","LIFAM"
1818,7257,7831,"uxor","LIFAM"
1819,7105,7832,"mulier","LIFAM"
1820,7187,7018,"uxor","LIFAM"
1821,6924,7834,"uxor","LIFAM"
1822,7145,7835,"uxor","LIFAM"
1823,6642,7836,"filia","LIFAM"
1824,6365,7837,"uxor","LIFAM"
1825,7639,7838,"relicta","LIFAM"
1826,7556,7839,"relicta","LIFAM"
1827,7212,7840,"relicta","LIFAM"
1828,6344,7841,"uxor","LIFAM"
1829,4996,7842,"uxor","LIFAM"
1830,6361,7843,"uxor","LIFAM"
1831,4532,7844,"uxor","LIFAM"
1832,6841,7845,"uxor","LIFAM"
1833,6662,7846,"relicta","LIFAM"
1834,7116,7847,"uxor","LIFAM"
1835,6663,7848,"uxor","LIFAM"
1836,6765,7849,"relicta","LIFAM"
1837,7172,7850,"relicta","LIFAM"
1838,6649,7851,"relicta","LIFAM"
1839,7214,7852,"filia","LIFAM"
1840,6462,7853,"relicta","LIFAM"
1841,7109,7854,"filia","LIFAM"
1842,7200,7855,"relicta","LIFAM"
1843,7143,7856,"relicta","LIFAM"
1844,7115,7857,"uxor","LIFAM"
1845,7655,7858,"relicta","LIFAM"
1846,7185,7859,"relicta","LIFAM"
1847,6367,7860,"relicta","LIFAM"
1848,6506,7861,"uxor","LIFAM"
1849,6356,7862,"relicta","LIFAM"
1850,6810,7863,"uxor","LIFAM"
1851,6495,7344,"uxor","LIFAM"
1852,6386,7864,"relicta","LIFAM"
1853,6531,7865,"relicta","LIFAM"
1854,6528,7866,"relicta","LIFAM"
1855,7670,7382,"uxor","LIFAM"
1856,7183,2593,"filius","LIFAM"
1857,7537,7869,"uxor","LIFAM"
1858,7141,3025,"filia","LIFAM"
1859,7619,7872,"relicta","LIFAM"
1860,6533,7873,"uxor","LIFAM"
1861,6928,7874,"uxor","LIFAM"
1862,6329,7875,"uxor","LIFAM"
1863,7122,7876,"uxor","LIFAM"
1864,6496,7877,"relicta","LIFAM"
1865,7111,7878,"uxor","LIFAM"
1866,7549,8089,"relicta","LIFAM"
1867,7120,3910,"filia","LIFAM"
1868,7516,7879,"relicta","LIFAM"
1869,6915,7890,"uxor","LIFAM"
1870,7211,7901,"uxor","LIFAM"
1871,7085,7912,"filius","LIFAM"
1872,6561,7517,"frater","LIFAM"
1873,7450,7517,"frater","LIFAM"
1874,7128,7945,"uxor","LIFAM"
1875,7689,7956,"uxor","LIFAM"
1876,6667,7967,"uxor","LIFAM"
1877,6762,7978,"relicta","LIFAM"
1878,6644,7989,"relicta","LIFAM"
1879,7121,8000,"uxor","LIFAM"
1880,7220,8011,"relicta","LIFAM"
1881,7244,8022,"relicta","LIFAM"
1882,7653,8033,"uxor","LIFAM"
1883,6926,8044,"uxor","LIFAM"
1884,6905,8055,"relicta","LIFAM"
1885,7175,8066,"filia","LIFAM"
1886,6559,8077,"relicta","LIFAM"
1887,6832,8088,"uxor","LIFAM"
1889,7543,757,"heres","LIFAM"
1890,2934,1080,"serviens armorum","LITRA"
1891,3023,1080,"serviens armorum","LITRA"
1893,3053,1080,"serviens armorum","LITRA"
1894,3721,1080,"serviens armorum","LITRA"
1896,6472,1080,"serviens armorum","LITRA"
1897,7025,1080,"serviens armorum","LITRA"
1898,7401,1080,"serviens armorum","LITRA"
1899,8235,1080,"serviens armorum","LITRA"
1900,8459,1080,"serviens armorum","LITRA"
1901,7077,9017,"coquus","LITRA"
1902,3791,1080,"macerius","LITRA"
1903,4511,1080,"coquus","LITRA"
1904,7042,7548,"factor","LITRA"
1905,6674,7616,"factor","LITRA"
1906,179,178,"frater","LIFAM"
1907,178,177,"frater","LIFAM"
1910,182,181,"frater","LIFAM"
